"행정구역(동읍면)별","항목",2026.06,2026.06,2026.06,2026.06,2026.06,2026.06,2026.06,2026.06,2026.06,2026.06
"행정구역(동읍면)별","항목",0 - 4세,5 - 9세,65 - 69세,70 - 74세,75 - 79세,80 - 84세,85 - 89세,90 - 94세,95 - 99세,100+
"대구광역시","총인구수 (명)",55078,75845,186705,135773,95081,62687,38708,14118,2623,307
"대구광역시","남자인구수 (명)",28249,38982,88179,61278,41043,24614,12816,3762,458,46
"대구광역시","여자인구수 (명)",26829,36863,98526,74495,54038,38073,25892,10356,2165,261
"중구","총인구수 (명)",4226,3952,5645,4532,3651,2650,1582,613,119,19
"중구","남자인구수 (명)",2186,2032,2572,1940,1468,1037,529,175,23,3
"중구","여자인구수 (명)",2040,1920,3073,2592,2183,1613,1053,438,96,16
"동인동","총인구수 (명)",407,208,620,492,388,293,171,82,27,2
"동인동","남자인구수 (명)",213,107,312,233,147,110,52,24,5,0
"동인동","여자인구수 (명)",194,101,308,259,241,183,119,58,22,2
"삼덕동","총인구수 (명)",205,181,297,242,186,124,90,33,9,1
"삼덕동","남자인구수 (명)",101,92,129,89,73,43,27,13,4,0
"삼덕동","여자인구수 (명)",104,89,168,153,113,81,63,20,5,1
"성내1동","총인구수 (명)",54,74,275,203,188,147,81,32,14,3
"성내1동","남자인구수 (명)",26,41,133,85,77,58,29,9,3,2
"성내1동","여자인구수 (명)",28,33,142,118,111,89,52,23,11,1
"성내2동","총인구수 (명)",343,331,426,346,271,195,101,38,4,0
"성내2동","남자인구수 (명)",183,172,217,145,126,80,33,12,0,0
"성내2동","여자인구수 (명)",160,159,209,201,145,115,68,26,4,0
"성내3동","총인구수 (명)",1141,968,527,378,267,180,115,30,1,1
"성내3동","남자인구수 (명)",596,486,245,184,120,76,38,11,0,0
"성내3동","여자인구수 (명)",545,482,282,194,147,104,77,19,1,1
"대신동","총인구수 (명)",289,278,567,416,322,217,131,39,6,3
"대신동","남자인구수 (명)",152,154,263,194,123,83,45,11,1,0
"대신동","여자인구수 (명)",137,124,304,222,199,134,86,28,5,3
"남산1동","총인구수 (명)",142,165,314,244,195,164,91,32,0,1
"남산1동","남자인구수 (명)",70,86,141,108,72,75,28,5,0,0
"남산1동","여자인구수 (명)",72,79,173,136,123,89,63,27,0,1
"남산2동","총인구수 (명)",371,363,350,307,275,173,95,51,11,2
"남산2동","남자인구수 (명)",182,179,165,119,116,71,30,12,1,0
"남산2동","여자인구수 (명)",189,184,185,188,159,102,65,39,10,2
"남산3동","총인구수 (명)",132,145,470,394,324,243,137,67,13,0
"남산3동","남자인구수 (명)",67,76,183,162,131,82,40,12,2,0
"남산3동","여자인구수 (명)",65,69,287,232,193,161,97,55,11,0
"남산4동","총인구수 (명)",635,697,1018,919,712,485,301,109,17,6
"남산4동","남자인구수 (명)",347,352,429,360,275,191,97,35,3,1
"남산4동","여자인구수 (명)",288,345,589,559,437,294,204,74,14,5
"대봉1동","총인구수 (명)",207,317,464,333,309,283,201,79,12,0
"대봉1동","남자인구수 (명)",99,171,214,144,115,107,83,26,4,0
"대봉1동","여자인구수 (명)",108,146,250,189,194,176,118,53,8,0
"대봉2동","총인구수 (명)",300,225,317,258,214,146,68,21,5,0
"대봉2동","남자인구수 (명)",150,116,141,117,93,61,27,5,0,0
"대봉2동","여자인구수 (명)",150,109,176,141,121,85,41,16,5,0
"동구","총인구수 (명)",8462,10203,28628,22266,16066,10727,6481,2300,392,48
"동구","남자인구수 (명)",4382,5260,13134,9860,6895,4230,2193,641,68,8
"동구","여자인구수 (명)",4080,4943,15494,12406,9171,6497,4288,1659,324,40
"신암1동","총인구수 (명)",395,445,796,684,540,432,292,77,16,2
"신암1동","남자인구수 (명)",214,243,366,290,229,148,110,23,4,0
"신암1동","여자인구수 (명)",181,202,430,394,311,284,182,54,12,2
"신암2동","총인구수 (명)",425,498,814,662,523,383,235,82,15,1
"신암2동","남자인구수 (명)",222,256,339,256,188,133,68,18,5,0
"신암2동","여자인구수 (명)",203,242,475,406,335,250,167,64,10,1
"신암3동","총인구수 (명)",642,512,721,578,456,281,181,55,8,1
"신암3동","남자인구수 (명)",354,255,321,238,201,115,71,18,0,0
"신암3동","여자인구수 (명)",288,257,400,340,255,166,110,37,8,1
"신암4동","총인구수 (명)",785,407,1384,1015,714,471,253,78,15,3
"신암4동","남자인구수 (명)",409,185,613,467,302,186,89,25,7,0
"신암4동","여자인구수 (명)",376,222,771,548,412,285,164,53,8,3
"신암5동","총인구수 (명)",189,203,723,595,404,285,174,55,7,1
"신암5동","남자인구수 (명)",93,101,311,254,166,108,63,17,0,0
"신암5동","여자인구수 (명)",96,102,412,341,238,177,111,38,7,1
"신천1.2동","총인구수 (명)",121,154,1114,944,719,578,350,106,19,0
"신천1.2동","남자인구수 (명)",64,75,487,365,288,204,120,30,4,0
"신천1.2동","여자인구수 (명)",57,79,627,579,431,374,230,76,15,0
"신천3동","총인구수 (명)",559,518,938,650,483,329,224,88,14,0
"신천3동","남자인구수 (명)",282,289,452,285,195,120,87,21,2,0
"신천3동","여자인구수 (명)",277,229,486,365,288,209,137,67,12,0
"신천4동","총인구수 (명)",498,382,725,597,429,279,181,61,12,1
"신천4동","남자인구수 (명)",255,189,349,249,187,121,56,23,1,0
"신천4동","여자인구수 (명)",243,193,376,348,242,158,125,38,11,1
"효목1동","총인구수 (명)",72,145,1339,1119,879,598,337,101,16,2
"효목1동","남자인구수 (명)",39,85,643,463,381,231,133,31,3,1
"효목1동","여자인구수 (명)",33,60,696,656,498,367,204,70,13,1
"효목2동","총인구수 (명)",361,308,1293,1003,759,454,296,117,18,2
"효목2동","남자인구수 (명)",189,150,586,401,305,183,101,36,5,0
"효목2동","여자인구수 (명)",172,158,707,602,454,271,195,81,13,2
"도평동","총인구수 (명)",34,29,375,299,221,176,92,42,9,0
"도평동","남자인구수 (명)",11,12,193,150,92,74,31,12,1,0
"도평동","여자인구수 (명)",23,17,182,149,129,102,61,30,8,0
"불로.봉무동","총인구수 (명)",420,772,1553,1113,767,464,273,96,23,2
"불로.봉무동","남자인구수 (명)",235,382,724,534,329,194,85,27,3,2
"불로.봉무동","여자인구수 (명)",185,390,829,579,438,270,188,69,20,0
"지저동","총인구수 (명)",124,193,1543,1148,799,491,291,88,12,2
"지저동","남자인구수 (명)",67,95,704,543,364,192,91,25,0,0
"지저동","여자인구수 (명)",57,98,839,605,435,299,200,63,12,2
"동촌동","총인구수 (명)",161,282,1484,1152,779,582,335,100,19,3
"동촌동","남자인구수 (명)",68,146,708,553,328,238,114,31,4,1
"동촌동","여자인구수 (명)",93,136,776,599,451,344,221,69,15,2
"방촌동","총인구수 (명)",185,276,1905,1433,1039,708,455,198,24,6
"방촌동","남자인구수 (명)",101,165,850,649,441,286,151,62,5,0
"방촌동","여자인구수 (명)",84,111,1055,784,598,422,304,136,19,6
"해안동","총인구수 (명)",170,197,1417,1152,877,585,331,120,20,4
"해안동","남자인구수 (명)",87,91,672,497,391,234,109,24,3,1
"해안동","여자인구수 (명)",83,106,745,655,486,351,222,96,17,3
"안심1동","총인구수 (명)",634,1182,3368,2620,1724,1093,693,243,41,6
"안심1동","남자인구수 (명)",327,600,1477,1186,727,439,208,55,7,1
"안심1동","여자인구수 (명)",307,582,1891,1434,997,654,485,188,34,5
"안심2동","총인구수 (명)",675,511,1294,965,681,397,209,86,18,3
"안심2동","남자인구수 (명)",358,243,633,430,292,160,80,29,2,0
"안심2동","여자인구수 (명)",317,268,661,535,389,237,129,57,16,3
"안심3동","총인구수 (명)",543,794,1064,875,732,449,285,99,15,2
"안심3동","남자인구수 (명)",268,425,475,345,324,187,105,28,4,0
"안심3동","여자인구수 (명)",275,369,589,530,408,262,180,71,11,2
"안심4동","총인구수 (명)",532,794,2010,1446,975,667,361,129,26,2
"안심4동","남자인구수 (명)",269,413,905,658,448,261,125,31,1,2
"안심4동","여자인구수 (명)",263,381,1105,788,527,406,236,98,25,0
"혁신동","총인구수 (명)",509,1043,819,637,408,224,119,44,6,1
"혁신동","남자인구수 (명)",266,566,354,310,164,96,39,9,1,0
"혁신동","여자인구수 (명)",243,477,465,327,244,128,80,35,5,1
"공산동","총인구수 (명)",428,558,1949,1579,1158,801,514,235,39,4
"공산동","남자인구수 (명)",204,294,972,737,553,320,157,66,6,0
"공산동","여자인구수 (명)",224,264,977,842,605,481,357,169,33,4
"서구","총인구수 (명)",3248,3556,16684,12810,8865,5776,3292,1090,199,23
"서구","남자인구수 (명)",1679,1831,7832,5572,3822,2229,1057,260,23,1
"서구","여자인구수 (명)",1569,1725,8852,7238,5043,3547,2235,830,176,22
"내당1동","총인구수 (명)",540,494,1098,735,528,322,207,63,14,1
"내당1동","남자인구수 (명)",282,244,525,321,244,135,71,15,2,0
"내당1동","여자인구수 (명)",258,250,573,414,284,187,136,48,12,1
"내당2.3동","총인구수 (명)",61,89,936,787,583,376,255,62,13,1
"내당2.3동","남자인구수 (명)",29,47,415,319,219,141,71,12,2,0
"내당2.3동","여자인구수 (명)",32,42,521,468,364,235,184,50,11,1
"내당4동","총인구수 (명)",95,198,1528,1191,824,513,309,126,22,4
"내당4동","남자인구수 (명)",53,104,659,521,354,207,101,25,4,0
"내당4동","여자인구수 (명)",42,94,869,670,470,306,208,101,18,4
"비산1동","총인구수 (명)",46,90,878,749,540,344,195,56,12,0
"비산1동","남자인구수 (명)",23,45,437,313,213,130,70,15,0,0
"비산1동","여자인구수 (명)",23,45,441,436,327,214,125,41,12,0
"비산2.3동","총인구수 (명)",26,84,972,779,583,474,277,97,13,2
"비산2.3동","남자인구수 (명)",15,45,470,317,212,168,81,22,2,0
"비산2.3동","여자인구수 (명)",11,39,502,462,371,306,196,75,11,2
"비산4동","총인구수 (명)",40,100,966,770,503,369,195,64,7,1
"비산4동","남자인구수 (명)",20,46,421,338,203,141,54,14,2,0
"비산4동","여자인구수 (명)",20,54,545,432,300,228,141,50,5,1
"비산5동","총인구수 (명)",25,58,578,515,381,280,147,56,7,0
"비산5동","남자인구수 (명)",12,34,281,207,163,104,48,10,0,0
"비산5동","여자인구수 (명)",13,24,297,308,218,176,99,46,7,0
"비산6동","총인구수 (명)",31,73,823,555,419,291,156,58,10,2
"비산6동","남자인구수 (명)",15,31,356,245,182,97,53,25,1,1
"비산6동","여자인구수 (명)",16,42,467,310,237,194,103,33,9,1
"비산7동","총인구수 (명)",145,144,987,760,540,356,207,43,15,2
"비산7동","남자인구수 (명)",73,82,501,347,246,153,73,8,1,0
"비산7동","여자인구수 (명)",72,62,486,413,294,203,134,35,14,2
"평리1동","총인구수 (명)",42,72,739,608,383,301,164,53,8,3
"평리1동","남자인구수 (명)",24,37,366,252,174,97,54,10,0,0
"평리1동","여자인구수 (명)",18,35,373,356,209,204,110,43,8,3
"평리2동","총인구수 (명)",72,173,721,551,361,232,110,31,3,1
"평리2동","남자인구수 (명)",43,82,335,250,157,87,38,9,1,0
"평리2동","여자인구수 (명)",29,91,386,301,204,145,72,22,2,1
"평리3동","총인구수 (명)",366,375,1152,842,574,358,224,62,13,2
"평리3동","남자인구수 (명)",183,203,562,368,253,136,69,20,0,0
"평리3동","여자인구수 (명)",183,172,590,474,321,222,155,42,13,2
"평리4동","총인구수 (명)",178,321,1552,1170,765,471,232,88,20,0
"평리4동","남자인구수 (명)",97,165,720,525,355,184,74,21,3,0
"평리4동","여자인구수 (명)",81,156,832,645,410,287,158,67,17,0
"평리5동","총인구수 (명)",919,602,522,358,253,148,62,20,2,2
"평리5동","남자인구수 (명)",472,303,248,151,114,65,24,6,0,0
"평리5동","여자인구수 (명)",447,299,274,207,139,83,38,14,2,2
"평리6동","총인구수 (명)",248,107,503,363,210,134,53,24,5,0
"평리6동","남자인구수 (명)",125,56,268,172,95,52,24,3,1,0
"평리6동","여자인구수 (명)",123,51,235,191,115,82,29,21,4,0
"상중이동","총인구수 (명)",164,360,1846,1324,901,458,301,114,27,1
"상중이동","남자인구수 (명)",90,196,843,601,414,185,96,22,3,0
"상중이동","여자인구수 (명)",74,164,1003,723,487,273,205,92,24,1
"원대동","총인구수 (명)",250,216,883,753,517,349,198,73,8,1
"원대동","남자인구수 (명)",123,111,425,325,224,147,56,23,1,0
"원대동","여자인구수 (명)",127,105,458,428,293,202,142,50,7,1
"남구","총인구수 (명)",2746,2833,12376,10097,7556,5228,3421,1266,235,24
"남구","남자인구수 (명)",1406,1479,5583,4386,3114,1981,1146,368,39,3
"남구","여자인구수 (명)",1340,1354,6793,5711,4442,3247,2275,898,196,21
"이천동","총인구수 (명)",490,428,974,836,701,565,386,136,39,5
"이천동","남자인구수 (명)",232,238,420,330,272,198,123,40,8,1
"이천동","여자인구수 (명)",258,190,554,506,429,367,263,96,31,4
"봉덕1동","총인구수 (명)",74,87,786,609,463,304,281,105,12,2
"봉덕1동","남자인구수 (명)",39,49,371,279,176,107,97,27,1,0
"봉덕1동","여자인구수 (명)",35,38,415,330,287,197,184,78,11,2
"봉덕2동","총인구수 (명)",437,493,1041,865,645,445,298,145,21,3
"봉덕2동","남자인구수 (명)",243,250,469,391,284,190,107,50,4,0
"봉덕2동","여자인구수 (명)",194,243,572,474,361,255,191,95,17,3
"봉덕3동","총인구수 (명)",163,261,1378,1106,813,603,408,162,28,2
"봉덕3동","남자인구수 (명)",81,129,590,462,349,229,151,63,4,0
"봉덕3동","여자인구수 (명)",82,132,788,644,464,374,257,99,24,2
"대명1동","총인구수 (명)",77,128,894,724,539,336,210,70,10,2
"대명1동","남자인구수 (명)",47,73,403,334,222,141,74,18,2,1
"대명1동","여자인구수 (명)",30,55,491,390,317,195,136,52,8,1
"대명2동","총인구수 (명)",468,364,957,726,606,405,240,90,14,1
"대명2동","남자인구수 (명)",237,187,451,304,243,145,69,18,2,0
"대명2동","여자인구수 (명)",231,177,506,422,363,260,171,72,12,1
"대명3동","총인구수 (명)",194,165,989,843,669,421,255,89,24,1
"대명3동","남자인구수 (명)",102,85,466,363,258,154,76,22,5,0
"대명3동","여자인구수 (명)",92,80,523,480,411,267,179,67,19,1
"대명4동","총인구수 (명)",73,125,1040,843,570,390,250,79,13,2
"대명4동","남자인구수 (명)",39,69,474,362,246,143,73,22,0,0
"대명4동","여자인구수 (명)",34,56,566,481,324,247,177,57,13,2
"대명5동","총인구수 (명)",320,206,553,420,320,224,139,48,16,1
"대명5동","남자인구수 (명)",162,107,238,186,122,94,52,11,5,0
"대명5동","여자인구수 (명)",158,99,315,234,198,130,87,37,11,1
"대명6동","총인구수 (명)",210,233,858,743,508,314,201,88,15,2
"대명6동","남자인구수 (명)",111,113,379,345,220,122,59,32,0,1
"대명6동","여자인구수 (명)",99,120,479,398,288,192,142,56,15,1
"대명9동","총인구수 (명)",127,180,1252,951,722,507,286,104,16,0
"대명9동","남자인구수 (명)",63,102,595,426,318,197,108,31,3,0
"대명9동","여자인구수 (명)",64,78,657,525,404,310,178,73,13,0
"대명10동","총인구수 (명)",57,81,813,722,498,374,251,69,15,2
"대명10동","남자인구수 (명)",32,34,359,305,211,136,84,16,4,0
"대명10동","여자인구수 (명)",25,47,454,417,287,238,167,53,11,2
"대명11동","총인구수 (명)",56,82,841,709,502,340,216,81,12,1
"대명11동","남자인구수 (명)",18,43,368,299,193,125,73,18,1,0
"대명11동","여자인구수 (명)",38,39,473,410,309,215,143,63,11,1
"북구","총인구수 (명)",8731,12224,31107,21185,14891,10126,6023,2070,413,54
"북구","남자인구수 (명)",4488,6273,15060,9602,6293,3865,1942,530,60,6
"북구","여자인구수 (명)",4243,5951,16047,11583,8598,6261,4081,1540,353,48
"고성동","총인구수 (명)",1263,824,530,409,274,195,80,44,9,0
"고성동","남자인구수 (명)",662,400,226,167,110,78,16,14,4,0
"고성동","여자인구수 (명)",601,424,304,242,164,117,64,30,5,0
"칠성동","총인구수 (명)",663,849,1428,1084,777,550,388,126,37,8
"칠성동","남자인구수 (명)",354,412,677,494,321,198,136,45,3,0
"칠성동","여자인구수 (명)",309,437,751,590,456,352,252,81,34,8
"침산1동","총인구수 (명)",33,51,470,348,218,127,82,33,7,2
"침산1동","남자인구수 (명)",18,27,263,168,101,54,23,6,1,0
"침산1동","여자인구수 (명)",15,24,207,180,117,73,59,27,6,2
"침산2동","총인구수 (명)",538,851,1001,743,520,351,241,69,16,4
"침산2동","남자인구수 (명)",266,429,449,313,208,138,84,25,6,1
"침산2동","여자인구수 (명)",272,422,552,430,312,213,157,44,10,3
"침산3동","총인구수 (명)",350,644,1342,966,749,556,310,109,18,0
"침산3동","남자인구수 (명)",182,337,628,422,303,218,108,28,3,0
"침산3동","여자인구수 (명)",168,307,714,544,446,338,202,81,15,0
"산격1동","총인구수 (명)",27,58,960,802,647,458,272,82,15,1
"산격1동","남자인구수 (명)",10,34,490,335,227,167,88,20,1,0
"산격1동","여자인구수 (명)",17,24,470,467,420,291,184,62,14,1
"산격2동","총인구수 (명)",92,181,962,673,489,340,182,56,12,3
"산격2동","남자인구수 (명)",45,90,461,300,208,130,62,10,4,1
"산격2동","여자인구수 (명)",47,91,501,373,281,210,120,46,8,2
"산격3동","총인구수 (명)",54,75,606,512,394,240,148,47,14,1
"산격3동","남자인구수 (명)",30,41,284,230,165,84,50,13,2,0
"산격3동","여자인구수 (명)",24,34,322,282,229,156,98,34,12,1
"산격4동","총인구수 (명)",45,75,789,592,461,292,171,52,7,0
"산격4동","남자인구수 (명)",29,42,356,262,208,125,60,20,1,0
"산격4동","여자인구수 (명)",16,33,433,330,253,167,111,32,6,0
"대현동","총인구수 (명)",177,284,1323,1059,814,616,407,132,20,1
"대현동","남자인구수 (명)",105,138,598,458,316,247,116,31,6,0
"대현동","여자인구수 (명)",72,146,725,601,498,369,291,101,14,1
"복현1동","총인구수 (명)",36,54,455,328,220,131,63,26,3,0
"복현1동","남자인구수 (명)",22,30,227,151,109,49,22,9,1,0
"복현1동","여자인구수 (명)",14,24,228,177,111,82,41,17,2,0
"복현2동","총인구수 (명)",769,876,2219,1414,880,551,317,119,26,4
"복현2동","남자인구수 (명)",385,450,1056,680,402,194,115,30,1,0
"복현2동","여자인구수 (명)",384,426,1163,734,478,357,202,89,25,4
"검단동","총인구수 (명)",47,68,686,518,369,241,153,55,8,1
"검단동","남자인구수 (명)",23,37,297,229,155,83,47,13,1,0
"검단동","여자인구수 (명)",24,31,389,289,214,158,106,42,7,1
"무태조야동","총인구수 (명)",688,1237,2318,1632,1189,703,373,121,33,2
"무태조야동","남자인구수 (명)",354,646,1145,763,545,288,140,26,2,1
"무태조야동","여자인구수 (명)",334,591,1173,869,644,415,233,95,31,1
"관문동","총인구수 (명)",971,1478,2410,1589,1009,612,334,111,29,4
"관문동","남자인구수 (명)",460,767,1161,769,420,240,99,20,2,0
"관문동","여자인구수 (명)",511,711,1249,820,589,372,235,91,27,4
"태전1동","총인구수 (명)",296,410,1826,1184,811,573,332,144,27,2
"태전1동","남자인구수 (명)",168,228,886,553,376,214,102,34,0,0
"태전1동","여자인구수 (명)",128,182,940,631,435,359,230,110,27,2
"태전2동","총인구수 (명)",338,520,1944,1318,881,581,329,105,18,6
"태전2동","남자인구수 (명)",154,274,931,548,361,233,112,25,3,0
"태전2동","여자인구수 (명)",184,246,1013,770,520,348,217,80,15,6
"구암동","총인구수 (명)",369,815,2144,1133,835,649,385,127,24,5
"구암동","남자인구수 (명)",188,409,1045,507,340,245,119,22,5,0
"구암동","여자인구수 (명)",181,406,1099,626,495,404,266,105,19,5
"관음동","총인구수 (명)",136,230,1474,971,586,408,267,94,13,2
"관음동","남자인구수 (명)",81,115,731,456,278,155,75,23,0,0
"관음동","여자인구수 (명)",55,115,743,515,308,253,192,71,13,2
"읍내동","총인구수 (명)",463,617,2199,1314,873,619,385,156,27,3
"읍내동","남자인구수 (명)",228,316,1080,657,374,242,130,39,7,0
"읍내동","여자인구수 (명)",235,301,1119,657,499,377,255,117,20,3
"동천동","총인구수 (명)",439,768,1321,734,590,480,322,93,15,2
"동천동","남자인구수 (명)",238,389,667,307,201,169,90,31,1,2
"동천동","여자인구수 (명)",201,379,654,427,389,311,232,62,14,0
"노원동","총인구수 (명)",248,205,1177,870,678,364,171,45,9,1
"노원동","남자인구수 (명)",138,109,590,403,306,157,64,11,3,1
"노원동","여자인구수 (명)",110,96,587,467,372,207,107,34,6,0
"국우동","총인구수 (명)",689,1054,1523,992,627,489,311,124,26,2
"국우동","남자인구수 (명)",348,553,812,430,259,157,84,35,3,0
"국우동","여자인구수 (명)",341,501,711,562,368,332,227,89,23,2
"수성구","총인구수 (명)",8686,15527,28668,21298,15346,10288,6576,2619,486,62
"수성구","남자인구수 (명)",4425,8023,13324,9595,6529,4156,2325,771,106,9
"수성구","여자인구수 (명)",4261,7504,15344,11703,8817,6132,4251,1848,380,53
"범어1동","총인구수 (명)",821,1497,1023,738,582,403,251,92,14,1
"범어1동","남자인구수 (명)",424,736,506,325,241,163,102,34,5,0
"범어1동","여자인구수 (명)",397,761,517,413,341,240,149,58,9,1
"범어2동","총인구수 (명)",384,640,886,666,458,361,209,80,19,3
"범어2동","남자인구수 (명)",193,327,430,290,211,162,77,28,4,0
"범어2동","여자인구수 (명)",191,313,456,376,247,199,132,52,15,3
"범어3동","총인구수 (명)",656,1073,722,471,370,234,134,58,16,0
"범어3동","남자인구수 (명)",330,555,344,218,147,99,45,27,3,0
"범어3동","여자인구수 (명)",326,518,378,253,223,135,89,31,13,0
"범어4동","총인구수 (명)",234,1081,684,545,406,266,132,63,11,0
"범어4동","남자인구수 (명)",116,591,293,240,168,112,48,19,1,0
"범어4동","여자인구수 (명)",118,490,391,305,238,154,84,44,10,0
"만촌1동","총인구수 (명)",419,813,1555,1231,951,592,440,162,23,4
"만촌1동","남자인구수 (명)",214,429,714,571,422,242,159,53,7,1
"만촌1동","여자인구수 (명)",205,384,841,660,529,350,281,109,16,3
"만촌2동","총인구수 (명)",251,455,823,617,453,289,178,83,7,3
"만촌2동","남자인구수 (명)",128,250,364,291,203,119,62,24,1,0
"만촌2동","여자인구수 (명)",123,205,459,326,250,170,116,59,6,3
"만촌3동","총인구수 (명)",345,1064,842,665,449,326,180,69,7,1
"만촌3동","남자인구수 (명)",184,642,393,283,197,116,73,17,4,1
"만촌3동","여자인구수 (명)",161,422,449,382,252,210,107,52,3,0
"수성1가동","총인구수 (명)",295,612,1125,961,818,619,381,169,24,8
"수성1가동","남자인구수 (명)",141,245,507,379,328,236,138,47,4,1
"수성1가동","여자인구수 (명)",154,367,618,582,490,383,243,122,20,7
"수성2.3가동","총인구수 (명)",202,457,678,541,409,293,169,59,11,0
"수성2.3가동","남자인구수 (명)",93,230,316,240,164,124,75,20,4,0
"수성2.3가동","여자인구수 (명)",109,227,362,301,245,169,94,39,7,0
"수성4가동","총인구수 (명)",181,255,1114,830,626,444,305,130,21,7
"수성4가동","남자인구수 (명)",89,131,495,384,264,172,106,42,8,1
"수성4가동","여자인구수 (명)",92,124,619,446,362,272,199,88,13,6
"황금1동","총인구수 (명)",419,1156,1279,923,631,381,240,118,26,2
"황금1동","남자인구수 (명)",215,567,575,422,268,159,90,31,6,0
"황금1동","여자인구수 (명)",204,589,704,501,363,222,150,87,20,2
"황금2동","총인구수 (명)",339,359,796,656,521,340,177,65,9,0
"황금2동","남자인구수 (명)",169,167,362,281,219,143,73,19,3,0
"황금2동","여자인구수 (명)",170,192,434,375,302,197,104,46,6,0
"중동","총인구수 (명)",560,603,928,686,525,350,209,72,22,0
"중동","남자인구수 (명)",276,325,422,305,230,137,83,18,5,0
"중동","여자인구수 (명)",284,278,506,381,295,213,126,54,17,0
"상동","총인구수 (명)",184,311,1322,1088,736,541,301,135,29,3
"상동","남자인구수 (명)",105,162,636,505,321,233,111,35,4,0
"상동","여자인구수 (명)",79,149,686,583,415,308,190,100,25,3
"파동","총인구수 (명)",629,532,1350,1062,772,465,301,117,25,5
"파동","남자인구수 (명)",307,279,576,456,357,206,120,34,4,0
"파동","여자인구수 (명)",322,253,774,606,415,259,181,83,21,5
"두산동","총인구수 (명)",376,484,1005,690,451,272,153,72,10,4
"두산동","남자인구수 (명)",193,256,485,304,190,121,60,23,2,1
"두산동","여자인구수 (명)",183,228,520,386,261,151,93,49,8,3
"지산1동","총인구수 (명)",152,253,1838,1434,1086,743,478,168,41,3
"지산1동","남자인구수 (명)",76,148,808,652,442,295,137,48,10,1
"지산1동","여자인구수 (명)",76,105,1030,782,644,448,341,120,31,2
"지산2동","총인구수 (명)",294,443,1718,1283,867,525,403,172,25,3
"지산2동","남자인구수 (명)",156,235,756,576,380,214,140,44,7,1
"지산2동","여자인구수 (명)",138,208,962,707,487,311,263,128,18,2
"범물1동","총인구수 (명)",71,93,1220,1108,860,565,383,144,30,3
"범물1동","남자인구수 (명)",30,39,544,485,324,179,101,32,6,0
"범물1동","여자인구수 (명)",41,54,676,623,536,386,282,112,24,3
"범물2동","총인구수 (명)",304,429,1461,1026,627,367,214,90,21,1
"범물2동","남자인구수 (명)",161,219,646,493,295,159,74,24,1,0
"범물2동","여자인구수 (명)",143,210,815,533,332,208,140,66,20,1
"고산1동","총인구수 (명)",565,1167,2154,1313,885,608,407,144,29,1
"고산1동","남자인구수 (명)",310,588,1078,616,390,250,157,35,5,1
"고산1동","여자인구수 (명)",255,579,1076,697,495,358,250,109,24,0
"고산2동","총인구수 (명)",590,956,1929,1287,894,572,412,152,21,5
"고산2동","남자인구수 (명)",303,501,948,598,372,240,142,51,7,1
"고산2동","여자인구수 (명)",287,455,981,689,522,332,270,101,14,4
"고산3동","총인구수 (명)",415,794,2216,1477,969,732,519,205,45,5
"고산3동","남자인구수 (명)",212,401,1126,681,396,275,152,66,5,0
"고산3동","여자인구수 (명)",203,393,1090,796,573,457,367,139,40,5
"달서구","총인구수 (명)",10958,15568,41748,28757,18711,11619,7193,2571,464,48
"달서구","남자인구수 (명)",5642,8011,19752,13159,8253,4607,2366,657,87,12
"달서구","여자인구수 (명)",5316,7557,21996,15598,10458,7012,4827,1914,377,36
"성당동","총인구수 (명)",244,478,1969,1548,1060,651,397,146,20,5
"성당동","남자인구수 (명)",123,234,913,702,464,263,142,27,3,0
"성당동","여자인구수 (명)",121,244,1056,846,596,388,255,119,17,5
"두류1.2동","총인구수 (명)",378,282,1385,1022,728,537,309,86,9,1
"두류1.2동","남자인구수 (명)",188,144,633,477,285,218,111,18,0,0
"두류1.2동","여자인구수 (명)",190,138,752,545,443,319,198,68,9,1
"두류3동","총인구수 (명)",164,169,786,622,481,328,182,65,10,1
"두류3동","남자인구수 (명)",84,88,356,276,209,126,66,20,2,0
"두류3동","여자인구수 (명)",80,81,430,346,272,202,116,45,8,1
"감삼동","총인구수 (명)",1064,1314,2023,1410,838,492,293,66,12,1
"감삼동","남자인구수 (명)",553,667,954,638,368,230,115,16,3,1
"감삼동","여자인구수 (명)",511,647,1069,772,470,262,178,50,9,0
"죽전동","총인구수 (명)",416,277,1239,865,544,309,196,68,7,2
"죽전동","남자인구수 (명)",211,135,566,398,256,122,60,19,1,0
"죽전동","여자인구수 (명)",205,142,673,467,288,187,136,49,6,2
"장기동","총인구수 (명)",329,421,1218,878,559,340,228,66,10,2
"장기동","남자인구수 (명)",171,232,567,377,253,123,66,20,1,1
"장기동","여자인구수 (명)",158,189,651,501,306,217,162,46,9,1
"용산1동","총인구수 (명)",441,631,2155,1300,829,577,302,98,16,2
"용산1동","남자인구수 (명)",229,338,1113,565,392,251,111,26,4,1
"용산1동","여자인구수 (명)",212,293,1042,735,437,326,191,72,12,1
"용산2동","총인구수 (명)",292,502,2204,1178,776,471,337,111,11,2
"용산2동","남자인구수 (명)",143,263,1136,560,349,173,106,34,3,0
"용산2동","여자인구수 (명)",149,239,1068,618,427,298,231,77,8,2
"이곡1동","총인구수 (명)",263,403,1596,904,579,391,230,93,8,2
"이곡1동","남자인구수 (명)",146,220,832,435,245,150,75,21,2,0
"이곡1동","여자인구수 (명)",117,183,764,469,334,241,155,72,6,2
"이곡2동","총인구수 (명)",162,266,1583,880,532,318,163,58,6,1
"이곡2동","남자인구수 (명)",91,158,776,442,254,122,53,21,1,0
"이곡2동","여자인구수 (명)",71,108,807,438,278,196,110,37,5,1
"신당동","총인구수 (명)",303,388,2173,1381,1030,638,438,137,29,1
"신당동","남자인구수 (명)",155,201,1127,601,421,244,124,26,5,0
"신당동","여자인구수 (명)",148,187,1046,780,609,394,314,111,24,1
"본리동","총인구수 (명)",826,908,1600,1017,633,340,190,81,15,2
"본리동","남자인구수 (명)",424,459,731,498,301,142,69,18,2,1
"본리동","여자인구수 (명)",402,449,869,519,332,198,121,63,13,1
"월성1동","총인구수 (명)",1120,2173,1436,1043,671,370,218,99,21,1
"월성1동","남자인구수 (명)",544,1070,638,491,297,162,79,27,5,0
"월성1동","여자인구수 (명)",576,1103,798,552,374,208,139,72,16,1
"월성2동","총인구수 (명)",98,156,1517,1391,1067,689,405,145,29,1
"월성2동","남자인구수 (명)",49,82,699,584,404,234,118,36,5,1
"월성2동","여자인구수 (명)",49,74,818,807,663,455,287,109,24,0
"진천동","총인구수 (명)",1122,1745,3925,2687,1716,1037,683,266,55,3
"진천동","남자인구수 (명)",578,903,1855,1232,773,407,235,66,8,1
"진천동","여자인구수 (명)",544,842,2070,1455,943,630,448,200,47,2
"유천동","총인구수 (명)",1648,2615,1064,625,372,206,94,21,9,1
"유천동","남자인구수 (명)",865,1344,495,298,169,93,36,8,1,0
"유천동","여자인구수 (명)",783,1271,569,327,203,113,58,13,8,1
"상인1동","총인구수 (명)",648,929,2679,1882,1174,676,464,166,43,2
"상인1동","남자인구수 (명)",333,471,1221,886,522,282,165,48,12,0
"상인1동","여자인구수 (명)",315,458,1458,996,652,394,299,118,31,2
"상인2동","총인구수 (명)",287,345,1586,1110,627,396,257,84,16,1
"상인2동","남자인구수 (명)",165,194,713,521,279,153,80,23,2,0
"상인2동","여자인구수 (명)",122,151,873,589,348,243,177,61,14,1
"상인3동","총인구수 (명)",35,95,1422,1170,772,468,300,121,26,4
"상인3동","남자인구수 (명)",18,57,648,527,365,168,64,22,6,2
"상인3동","여자인구수 (명)",17,38,774,643,407,300,236,99,20,2
"도원동","총인구수 (명)",390,647,3460,2198,1310,758,530,206,32,7
"도원동","남자인구수 (명)",205,334,1631,1019,600,294,157,68,5,3
"도원동","여자인구수 (명)",185,313,1829,1179,710,464,373,138,27,4
"송현1동","총인구수 (명)",147,242,1663,1316,885,578,349,123,23,4
"송현1동","남자인구수 (명)",71,126,777,587,406,254,133,28,7,1
"송현1동","여자인구수 (명)",76,116,886,729,479,324,216,95,16,3
"송현2동","총인구수 (명)",330,336,1882,1469,964,677,419,169,33,1
"송현2동","남자인구수 (명)",161,166,828,661,401,265,140,46,5,0
"송현2동","여자인구수 (명)",169,170,1054,808,563,412,279,123,28,1
"본동","총인구수 (명)",251,246,1183,861,564,372,209,96,24,1
"본동","남자인구수 (명)",135,125,543,384,240,131,61,19,4,0
"본동","여자인구수 (명)",116,121,640,477,324,241,148,77,20,1
"달성군","총인구수 (명)",7801,11757,18424,12161,7994,4757,3006,1120,234,26
"달성군","남자인구수 (명)",3925,5940,9048,5777,3689,1909,892,249,34,4
"달성군","여자인구수 (명)",3876,5817,9376,6384,4305,2848,2114,871,200,22
"화원읍","총인구수 (명)",983,1179,4438,2843,1862,1133,636,235,44,4
"화원읍","남자인구수 (명)",502,621,2133,1328,811,463,227,53,9,0
"화원읍","여자인구수 (명)",481,558,2305,1515,1051,670,409,182,35,4
"논공읍","총인구수 (명)",77,91,510,349,259,164,138,34,8,1
"논공읍","남자인구수 (명)",39,36,293,188,119,67,38,8,0,0
"논공읍","여자인구수 (명)",38,55,217,161,140,97,100,26,8,1
"논공읍공단출장소","총인구수 (명)",131,224,930,541,349,235,162,55,10,1
"논공읍공단출장소","남자인구수 (명)",65,110,506,246,157,73,44,9,1,0
"논공읍공단출장소","여자인구수 (명)",66,114,424,295,192,162,118,46,9,1
"다사읍","총인구수 (명)",1587,2335,3245,2179,1471,781,437,148,33,7
"다사읍","남자인구수 (명)",800,1209,1573,960,690,348,142,38,5,0
"다사읍","여자인구수 (명)",787,1126,1672,1219,781,433,295,110,28,7
"다사읍서재출장소","총인구수 (명)",1598,2481,1949,1127,611,373,168,58,11,1
"다사읍서재출장소","남자인구수 (명)",801,1229,934,536,275,157,42,11,0,0
"다사읍서재출장소","여자인구수 (명)",797,1252,1015,591,336,216,126,47,11,1
"유가읍","총인구수 (명)",1335,2236,1311,807,488,263,178,61,17,0
"유가읍","남자인구수 (명)",660,1119,624,386,255,101,51,11,3,0
"유가읍","여자인구수 (명)",675,1117,687,421,233,162,127,50,14,0
"옥포읍","총인구수 (명)",557,947,2165,1494,999,552,342,106,28,1
"옥포읍","남자인구수 (명)",276,486,1042,760,476,219,102,24,6,1
"옥포읍","여자인구수 (명)",281,461,1123,734,523,333,240,82,22,0
"현풍읍","총인구수 (명)",498,911,1495,1073,733,442,284,125,15,1
"현풍읍","남자인구수 (명)",240,453,735,500,293,165,66,27,1,0
"현풍읍","여자인구수 (명)",258,458,760,573,440,277,218,98,14,1
"가창면","총인구수 (명)",53,105,898,722,573,343,281,142,39,7
"가창면","남자인구수 (명)",29,49,433,359,293,143,83,24,7,2
"가창면","여자인구수 (명)",24,56,465,363,280,200,198,118,32,5
"하빈면","총인구수 (명)",15,21,499,320,242,177,164,69,15,2
"하빈면","남자인구수 (명)",7,7,288,172,123,67,39,19,0,0
"하빈면","여자인구수 (명)",8,14,211,148,119,110,125,50,15,2
"구지면","총인구수 (명)",967,1227,984,706,407,294,216,87,14,1
"구지면","남자인구수 (명)",506,621,487,342,197,106,58,25,2,1
"구지면","여자인구수 (명)",461,606,497,364,210,188,158,62,12,0
"군위군","총인구수 (명)",220,225,3425,2667,2001,1516,1134,469,81,3
"군위군","남자인구수 (명)",116,133,1874,1387,980,600,366,111,18,0
"군위군","여자인구수 (명)",104,92,1551,1280,1021,916,768,358,63,3
"군위읍","총인구수 (명)",109,154,896,688,526,392,266,119,26,1
"군위읍","남자인구수 (명)",55,92,485,336,256,153,92,27,6,0
"군위읍","여자인구수 (명)",54,62,411,352,270,239,174,92,20,1
"소보면","총인구수 (명)",17,10,363,282,222,178,163,54,9,1
"소보면","남자인구수 (명)",12,8,212,146,111,76,50,21,2,0
"소보면","여자인구수 (명)",5,2,151,136,111,102,113,33,7,1
"효령면","총인구수 (명)",34,25,631,495,346,251,174,74,10,0
"효령면","남자인구수 (명)",20,14,347,275,165,101,53,15,1,0
"효령면","여자인구수 (명)",14,11,284,220,181,150,121,59,9,0
"부계면","총인구수 (명)",12,11,353,266,191,140,124,43,9,0
"부계면","남자인구수 (명)",6,8,199,138,94,51,42,16,2,0
"부계면","여자인구수 (명)",6,3,154,128,97,89,82,27,7,0
"우보면","총인구수 (명)",19,6,355,264,197,155,115,56,5,0
"우보면","남자인구수 (명)",9,2,192,145,96,63,30,12,1,0
"우보면","여자인구수 (명)",10,4,163,119,101,92,85,44,4,0
"의흥면","총인구수 (명)",14,10,365,316,239,195,143,63,8,0
"의흥면","남자인구수 (명)",5,4,182,152,119,74,48,12,4,0
"의흥면","여자인구수 (명)",9,6,183,164,120,121,95,51,4,0
"산성면","총인구수 (명)",13,6,210,163,132,94,82,37,7,1
"산성면","남자인구수 (명)",8,3,113,84,62,35,25,7,2,0
"산성면","여자인구수 (명)",5,3,97,79,70,59,57,30,5,1
"삼국유사면","총인구수 (명)",2,3,252,193,148,111,67,23,7,0
"삼국유사면","남자인구수 (명)",1,2,144,111,77,47,26,1,0,0
"삼국유사면","여자인구수 (명)",1,1,108,82,71,64,41,22,7,0
