"행정구역","2026년07월_계_총인구수","2026년07월_계_연령구간인구수","2026년07월_계_0세","2026년07월_계_1세","2026년07월_계_2세","2026년07월_계_3세","2026년07월_계_4세","2026년07월_계_5세","2026년07월_계_6세","2026년07월_계_7세","2026년07월_계_8세","2026년07월_계_9세","2026년07월_계_10세","2026년07월_계_11세","2026년07월_계_12세","2026년07월_계_13세","2026년07월_계_14세","2026년07월_계_15세","2026년07월_계_16세","2026년07월_계_17세","2026년07월_계_18세","2026년07월_계_19세","2026년07월_계_20세","2026년07월_계_21세","2026년07월_계_22세","2026년07월_계_23세","2026년07월_계_24세","2026년07월_계_25세","2026년07월_계_26세","2026년07월_계_27세","2026년07월_계_28세","2026년07월_계_29세","2026년07월_계_30세","2026년07월_계_31세","2026년07월_계_32세","2026년07월_계_33세","2026년07월_계_34세","2026년07월_계_35세","2026년07월_계_36세","2026년07월_계_37세","2026년07월_계_38세","2026년07월_계_39세","2026년07월_계_40세","2026년07월_계_41세","2026년07월_계_42세","2026년07월_계_43세","2026년07월_계_44세","2026년07월_계_45세","2026년07월_계_46세","2026년07월_계_47세","2026년07월_계_48세","2026년07월_계_49세","2026년07월_계_50세","2026년07월_계_51세","2026년07월_계_52세","2026년07월_계_53세","2026년07월_계_54세","2026년07월_계_55세","2026년07월_계_56세","2026년07월_계_57세","2026년07월_계_58세","2026년07월_계_59세","2026년07월_계_60세","2026년07월_계_61세","2026년07월_계_62세","2026년07월_계_63세","2026년07월_계_64세","2026년07월_계_65세","2026년07월_계_66세","2026년07월_계_67세","2026년07월_계_68세","2026년07월_계_69세","2026년07월_계_70세","2026년07월_계_71세","2026년07월_계_72세","2026년07월_계_73세","2026년07월_계_74세","2026년07월_계_75세","2026년07월_계_76세","2026년07월_계_77세","2026년07월_계_78세","2026년07월_계_79세","2026년07월_계_80세","2026년07월_계_81세","2026년07월_계_82세","2026년07월_계_83세","2026년07월_계_84세","2026년07월_계_85세","2026년07월_계_86세","2026년07월_계_87세","2026년07월_계_88세","2026년07월_계_89세","2026년07월_계_90세","2026년07월_계_91세","2026년07월_계_92세","2026년07월_계_93세","2026년07월_계_94세","2026년07월_계_95세","2026년07월_계_96세","2026년07월_계_97세","2026년07월_계_98세","2026년07월_계_99세","2026년07월_계_100세 이상"
"대구광역시 중구 (2711000000)","101,815","101,815","966","959","780","765","788","683","823","780","794","855","814","853","735","744","778","743","660","697","797","800","864","929","1,189","1,196","1,284","1,468","1,607","1,519","1,721","1,772","1,851","1,900","1,948","2,105","2,103","1,937","1,893","1,711","1,552","1,615","1,577","1,537","1,528","1,670","1,590","1,607","1,558","1,354","1,247","1,341","1,310","1,433","1,598","1,519","1,529","1,507","1,453","1,391","1,306","1,259","1,121","1,155","1,072","1,155","1,152","1,249","1,222","1,090","1,035","1,074","983","1,012","809","897","838","663","758","773","721","723","471","505","624","573","503","403","347","338","284","219","206","155","104","69","86","43","25","17","20","10","19"
"대구광역시 중구 동인동(2711051700)","10,997","10,997","96","113","74","58","74","34","38","45","37","51","50","48","49","67","63","75","67","67","74","91","86","95","142","117","167","181","210","172","234","244","279","235","267","297","287","228","220","194","169","164","155","137","125","177","169","141","152","123","122","129","132","153","181","180","163","173","158","159","166","139","121","129","127","124","132","122","158","118","113","109","104","105","78","102","100","55","78","88","72","93","57","44","66","62","68","38","41","37","37","19","25","24","14","10","8","6","6","3","7","2","2"
"대구광역시 중구 삼덕동(2711054500)","7,460","7,460","42","60","33","40","36","36","33","32","28","46","51","57","63","54","53","61","54","43","53","48","80","103","140","173","212","216","258","231","228","200","177","194","184","179","171","124","113","111","96","107","98","104","106","108","119","108","107","106","99","108","81","107","102","122","89","94","85","70","72","66","75","56","51","57","68","74","57","61","58","47","59","45","55","43","40","37","38","41","39","34","17","21","27","37","19","25","19","17","14","15","12","10","5","5","2","4","2","1","1","0","1"
"대구광역시 중구 성내1동(2711056500)","5,527","5,527","16","10","12","10","7","11","14","11","21","16","17","19","22","20","24","18","19","19","33","49","77","96","152","159","169","213","229","195","207","187","175","174","134","120","138","94","67","56","66","62","54","48","55","64","72","59","54","60","53","54","61","56","71","64","68","73","58","52","56","57","54","50","46","49","55","49","60","56","56","49","51","46","37","36","36","34","44","38","48","27","25","30","40","24","29","19","22","20","12","9","15","6","5","1","5","5","1","5","1","2","3"
"대구광역시 중구 성내2동(2711057500)","9,263","9,263","75","81","58","56","79","46","94","65","58","69","47","41","50","48","48","51","45","64","61","84","101","135","159","186","188","210","209","211","233","225","222","211","160","209","203","191","178","165","139","139","168","133","127","136","119","128","128","135","99","117","122","114","139","107","144","131","129","121","96","106","99","111","92","97","90","94","83","93","72","90","75","70","61","71","65","48","54","58","51","54","41","34","44","41","37","28","18","27","14","15","11","14","5","5","4","1","0","0","1","2","0"
"대구광역시 중구 성내3동(2711058500)","13,643","13,643","255","257","204","211","222","192","212","203","180","186","164","171","132","105","126","93","73","72","76","78","75","71","88","80","63","95","114","129","158","204","244","269","324","386","380","362","406","363","359","352","327","330","298","306","276","257","222","181","169","150","131","152","164","145","134","127","132","130","116","121","104","113","108","112","88","143","111","92","93","99","86","97","66","69","56","54","66","57","48","42","32","41","41","39","36","27","27","18","24","19","8","7","5","4","7","0","0","1","0","0","1"
"대구광역시 중구 대신동(2711059500)","7,249","7,249","73","74","45","52","48","60","46","53","56","63","63","61","60","75","67","41","45","41","47","56","49","37","46","49","69","53","52","68","72","87","89","124","135","143","109","106","131","94","85","110","114","116","113","153","103","136","100","99","80","77","93","81","146","117","101","118","121","128","99","107","100","107","83","104","104","123","133","121","96","105","88","100","81","73","73","64","53","73","62","68","35","39","61","45","42","32","28","26","25","19","16","7","5","8","5","3","2","0","1","0","3"
"대구광역시 중구 남산1동(2711064000)","5,062","5,062","23","23","20","41","34","39","40","37","24","30","21","24","37","29","34","34","32","36","43","56","46","50","73","73","78","99","89","96","118","86","97","82","79","89","88","74","80","64","67","73","74","66","71","67","72","72","87","59","71","70","57","88","61","60","81","91","89","83","82","57","56","59","52","59","79","65","77","61","50","60","55","58","39","46","48","36","33","36","46","43","31","30","41","34","30","25","20","21","13","10","8","9","7","3","5","0","0","0","0","0","1"
"대구광역시 중구 남산2동(2711065000)","7,394","7,394","85","90","92","48","61","52","81","76","87","61","93","74","53","53","56","52","52","50","57","54","44","55","73","66","73","80","85","95","94","118","129","135","133","131","169","178","156","131","143","124","128","107","122","132","139","124","122","93","81","107","87","102","122","117","123","96","115","98","91","67","75","79","81","89","85","83","76","63","55","71","59","71","62","64","56","48","56","57","59","52","38","35","38","38","32","28","22","16","13","18","11","11","7","10","11","5","2","0","2","2","2"
"대구광역시 중구 남산3동(2711066000)","5,779","5,779","32","30","23","24","23","23","21","22","41","38","43","50","39","45","55","45","58","47","47","57","42","44","36","37","41","41","60","50","44","56","63","69","71","66","60","65","76","68","57","57","67","73","79","95","87","100","89","89","82","91","98","80","109","95","104","102","82","78","91","110","94","92","96","87","83","107","109","72","102","82","87","82","84","82","64","61","75","68","72","48","25","52","54","68","44","36","24","38","26","16","22","19","13","6","9","4","4","2","2","1","0"
"대구광역시 중구 남산4동(2711067000)","15,842","15,842","141","113","133","129","114","96","129","148","153","162","138","192","111","132","138","136","107","133","141","114","135","123","135","131","114","139","138","133","159","174","200","221","250","259","261","284","270","256","199","218","214","250","238","231","251","265","251","202","201","261","215","266","252","262","266","262","251","249","225","242","175","187","181","209","205","223","206","206","176","205","187","214","151","183","188","136","148","159","125","145","97","100","102","99","88","75","71","53","58","44","41","26","22","12","10","5","6","1","4","0","6"
"대구광역시 중구 대봉1동(2711068000)","7,666","7,666","49","35","33","43","49","49","61","56","63","87","90","70","79","73","73","91","60","67","107","58","74","64","81","76","58","83","103","88","101","103","108","91","96","94","113","91","93","98","88","114","92","95","111","111","108","123","161","115","99","102","123","128","118","150","130","138","127","119","131","110","95","99","82","100","104","98","94","91","99","85","73","73","55","74","61","54","67","63","54","69","44","58","74","50","53","51","39","47","35","31","30","19","14","1","15","7","1","4","1","1","0"
"대구광역시 중구 대봉2동(2711069000)","5,933","5,933","79","73","53","53","41","45","54","32","46","46","37","46","40","43","41","46","48","58","58","55","55","56","64","49","52","58","60","51","73","88","68","95","115","132","124","140","103","111","84","95","86","78","83","90","75","94","85","92","91","75","110","106","133","100","126","102","106","104","81","77","73","73","73","68","59","68","58","56","65","72","59","51","40","54","51","36","46","35","45","48","29","21","36","36","25","19","16","18","13","4","7","3","2","4","5","3","1","0","0","0","0"
"대구광역시 동구 (2714000000)","338,544","338,544","1,868","1,754","1,591","1,633","1,635","1,769","1,849","1,993","2,149","2,368","2,538","2,573","2,504","2,597","2,714","2,703","2,513","2,538","2,722","2,611","2,470","2,704","2,794","2,945","3,078","3,418","3,757","3,563","3,902","4,239","4,530","4,520","4,749","4,846","4,840","4,511","4,413","4,066","3,934","4,011","3,980","3,888","4,173","4,649","5,076","5,275","5,190","4,639","4,569","4,737","4,628","5,082","5,422","5,693","5,753","5,839","5,796","6,007","5,893","5,399","5,502","5,621","5,158","5,839","5,608","6,522","6,225","5,735","5,157","5,123","4,950","5,006","4,116","4,075","4,204","3,094","3,458","3,495","3,201","2,854","1,739","2,220","2,227","2,411","2,148","1,709","1,539","1,254","1,078","924","731","611","408","299","253","138","98","79","54","32","49"
"대구광역시 동구 신암1동(2714051000)","10,781","10,781","83","78","72","70","93","80","81","84","99","97","94","75","70","56","52","56","42","60","69","60","82","84","99","108","94","120","99","116","121","136","140","125","152","157","166","158","184","151","166","151","188","146","137","151","160","144","146","121","125","118","132","160","157","163","167","165","170","184","159","171","157","167","155","151","167","168","168","165","139","156","138","161","121","136","136","86","124","127","101","102","59","81","104","101","85","79","67","63","32","47","21","28","10","11","6","7","2","1","1","5","2"
"대구광역시 동구 신암2동(2714052000)","11,446","11,446","86","89","81","87","86","83","105","83","105","111","120","104","100","88","98","105","91","83","102","89","83","83","72","69","71","69","106","77","95","110","131","136","169","180","192","187","176","191","169","166","162","145","180","191","176","171","180","171","163","191","178","173","194","204","192","186","184","171","178","149","138","153","147","147","169","162","180","167","160","154","151","141","108","134","130","88","122","110","107","95","54","81","72","92","80","78","45","44","41","31","16","25","16","18","6","3","3","5","3","2","1"
"대구광역시 동구 신암3동(2714053000)","11,150","11,150","154","147","130","108","104","95","95","105","104","114","92","108","82","77","62","52","56","57","75","66","83","79","89","74","89","85","81","103","126","139","157","208","236","240","257","233","244","217","217","220","181","167","161","165","188","166","162","144","115","135","116","153","132","142","191","186","176","151","146","149","131","128","125","162","127","181","157","137","124","121","139","144","111","96","92","95","89","96","88","92","52","54","54","70","52","49","47","41","26","20","13","17","7","10","8","4","3","0","1","0","1"
"대구광역시 동구 신암4동(2714054000)","18,383","18,383","195","194","155","128","110","87","87","83","68","79","83","67","86","74","73","102","81","91","102","133","116","143","190","223","182","237","272","257","291","318","348","346","386","456","439","399","345","330","299","255","244","240","197","229","236","235","220","176","198","190","219","239","257","307","291","297","333","325","346","291","301","279","296","294","294","317","311","273","263","224","240","218","191","162","199","138","154","152","153","123","79","95","106","100","92","78","67","51","29","26","26","22","14","10","8","6","2","5","2","0","3"
"대구광역시 동구 신암5동(2714054100)","7,315","7,315","45","37","32","46","27","34","26","52","47","41","40","46","35","49","46","37","38","36","26","46","48","48","53","49","47","67","62","76","73","104","99","91","117","113","111","88","109","84","80","100","89","74","103","94","96","103","92","78","79","83","75","93","91","126","137","120","104","126","141","123","102","138","136","135","127","163","158","127","143","133","151","129","117","81","113","75","87","86","90","67","53","57","53","68","57","42","44","33","32","22","27","14","8","4","4","3","1","1","0","1","1"
"대구광역시 동구 신천1.2동(2714055500)","10,994","10,994","28","20","23","19","32","21","33","32","31","33","44","60","44","71","72","68","74","54","70","62","69","74","79","101","99","108","126","106","112","132","158","137","123","137","119","113","117","91","91","109","84","75","109","107","132","138","145","143","128","168","135","152","164","162","207","207","177","227","197","202","203","215","173","203","204","263","218","213","217","210","205","181","188","177","193","126","146","161","152","138","77","135","145","120","106","99","89","58","58","45","38","25","15","14","14","8","4","4","2","1","0"
"대구광역시 동구 신천3동(2714057000)","14,835","14,835","130","126","117","94","101","93","100","99","110","120","119","114","143","121","119","142","108","140","139","127","121","137","130","114","137","133","183","190","207","200","247","250","282","292","278","233","246","231","197","238","225","204","221","243","244","235","255","191","204","207","208","239","228","245","265","282","272","276","226","235","199","194","199","202","186","213","225","179","168","163","155","143","113","113","129","89","109","106","89","93","60","71","63","67","66","58","56","38","46","28","18","23","18","18","11","2","4","3","2","3","0"
"대구광역시 동구 신천4동(2714058000)","12,937","12,937","142","124","87","96","62","89","80","89","56","75","75","74","67","55","60","72","72","68","96","96","108","134","130","141","159","170","229","211","221","257","286","284","300","329","306","287","258","229","226","222","195","181","160","189","183","223","213","181","145","137","165","195","210","186","213","198","174","205","207","140","165","177","155","185","135","152","161","148","144","126","138","141","100","113","110","90","95","93","73","77","42","66","60","70","42","41","44","41","29","27","18","19","8","8","8","4","3","4","2","0","1"
"대구광역시 동구 효목1동(2714059000)","11,472","11,472","14","15","14","14","13","17","34","28","31","38","47","41","47","51","57","56","40","56","66","68","64","86","93","87","115","132","123","116","132","110","130","124","131","109","108","87","108","84","69","80","80","79","87","116","119","161","122","126","130","149","128","138","158","191","196","222","210","241","228","211","203","236","202","267","233","283","307","267","247","247","227","241","241","195","213","164","172","192","174","168","86","121","140","133","126","92","79","68","48","53","43","27","14","9","8","9","3","4","1","0","2"
"대구광역시 동구 효목2동(2714060000)","14,147","14,147","85","76","73","60","70","63","51","59","67","66","81","90","82","97","83","89","87","102","113","111","109","115","99","122","132","145","168","153","195","189","190","183","200","239","218","210","189","155","140","162","166","148","139","182","198","215","201","173","178","206","189","198","246","227","238","245","217","256","237","212","243","251","217","273","219","297","290","245","240","228","201","240","176","195","195","124","155","184","166","129","72","94","102","92","98","73","59","60","60","42","41","36","17","13","10","7","5","4","2","1","2"
"대구광역시 동구 도평동(2714061500)","3,371","3,371","5","8","6","7","9","5","9","2","9","3","9","8","14","13","13","9","17","19","19","20","23","34","40","53","50","49","54","61","55","57","45","31","46","29","30","23","30","25","24","20","28","27","18","29","26","37","29","33","27","33","34","37","56","47","42","65","65","59","51","69","70","76","58","65","94","84","74","81","74","62","63","71","59","54","49","41","47","41","52","44","28","29","42","40","36","19","26","13","17","17","14","10","9","4","4","3","4","1","1","0","0"
"대구광역시 동구 불로.봉무동(2714062000)","19,381","19,381","84","84","69","85","99","112","140","154","178","183","210","214","192","237","224","240","216","242","207","216","166","185","153","164","174","177","177","204","185","178","165","213","198","172","185","197","211","174","206","219","208","245","253","275","346","383","374","303","334","381","325","326","360","356","360","352","368","337","310","299","294","297","267","322","304","332","351","311","285","279","240","250","200","224","218","138","182","154","172","124","69","89","110","108","88","65","65","42","54","45","24","25","20","11","15","6","3","6","5","0","3"
"대구광역시 동구 지저동(2714064000)","12,323","12,323","21","24","20","25","32","31","37","29","42","55","47","58","48","57","65","70","57","74","69","79","69","74","98","96","104","115","139","113","124","142","147","138","129","137","124","123","113","95","100","104","109","98","104","141","116","137","143","131","144","124","135","153","207","191","203","201","234","237","250","248","266","304","239","305","296","345","342","298","291","266","287","271","201","177","218","147","195","167","159","134","81","118","84","95","113","83","59","52","53","46","24","19","16","17","11","4","4","3","1","0","2"
"대구광역시 동구 동촌동(2714065500)","13,815","13,815","26","30","30","40","34","43","54","48","62","71","71","88","81","64","72","81","65","78","76","71","82","93","96","119","127","154","164","158","166","171","203","176","171","160","194","146","140","131","123","109","124","126","144","156","191","177","189","174","146","169","173","164","207","209","234","242","257","267","271","275","266","281","260","301","292","342","283","349","252","258","248","291","225","191","197","171","161","154","151","141","89","126","113","139","120","89","81","63","57","38","33","23","23","8","14","6","8","3","2","0","3"
"대구광역시 동구 방촌동(2714067000)","16,714","16,714","39","39","39","35","32","45","41","57","58","72","75","91","98","100","105","112","107","102","107","113","105","124","115","143","147","161","183","136","201","201","177","187","177","185","172","169","145","131","122","115","135","136","140","154","188","197","207","193","179","186","191","221","243","268","264","287","308","332","367","383","350","366","337","383","355","439","399","397","343","334","334","288","280","260","277","222","225","228","195","175","118","133","153","162","142","113","102","81","92","61","63","55","33","27","20","6","7","4","2","5","6"
"대구광역시 동구 해안동(2714068500)","12,925","12,925","32","38","25","37","39","36","38","27","44","41","59","64","62","68","81","72","84","58","87","72","74","68","103","97","94","135","152","140","142","168","167","193","144","124","141","123","115","108","91","105","107","103","123","98","138","169","159","147","146","174","162","191","196","205","207","211","228","251","267","231","281","260","247","262","287","311","321","297","257","244","240","277","204","208","228","168","176","209","173","150","91","135","110","130","123","80","92","63","50","44","44","28","27","16","7","4","5","3","6","2","4"
"대구광역시 동구 안심1동(2714072000)","37,158","37,158","114","126","114","135","147","194","195","234","261","288","325","363","320","336","395","352","340","314","357","325","290","334","336","342","370","378","397","361","397","442","439","389","418","414","407","376","376","357","370","372","388","414","484","563","586","591","617","604","552","509","564","567","577","615","613","650","632","617","670","545","651","608","590","634","685","777","708","676","593","626","574","590","472","517","474","340","368","387","330","317","190","221","217","238","224","190","164","146","97","101","81","56","39","28","40","18","8","7","7","5","6"
"대구광역시 동구 안심2동(2714073000)","17,002","17,002","166","140","131","125","116","103","92","101","94","119","82","93","86","98","105","120","110","110","127","120","101","134","139","151","140","164","196","192","188","260","288","280","293","277","324","286","266","260","221","234","207","198","211","224","247","220","262","209","226","219","214","265","268","339","311","297","326","341","351","306","301","299","289","278","290","307","299","257","218","230","190","229","182","172","191","123","159","159","137","103","66","71","81","101","72","62","45","43","37","32","25","26","14","13","7","4","5","6","2","1","3"
"대구광역시 동구 안심3동(2714074200)","19,897","19,897","145","100","98","106","94","127","144","147","171","199","232","229","246","257","283","252","272","242","249","228","211","223","199","191","218","208","187","181","195","239","278","252","269","271","266","256","227","260","243","245","234","247","261","304","389","411","391","402","359","353","399","372","401","424","357","323","310","321","270","268","243","266","204","229","195","247","225","198","166","221","190","194","162","171","168","168","159","132","136","137","73","97","92","98","85","85","71","45","48","43","33","24","24","6","9","3","4","4","2","2","2"
"대구광역시 동구 안심4동(2714074700)","26,289","26,289","94","99","100","104","125","150","130","151","162","195","223","201","247","247","277","309","295","283","305","262","268","252","267","280","293","313","353","297","304","322","305","317","341","343","296","305","310","267","258","262","298","290","352","375","403","448","450","381","410","456","392","513","519","538","517","529","498","479","461","396","441","394","359","446","386","472","452","398","347","343","343","322","257","273","259","196","208","223","194","159","111","133","139","161","129","93","87","70","64","53","40","33","24","15","17","15","4","4","5","1","2"
"대구광역시 동구 혁신동(2714075500)","16,501","16,501","89","85","91","125","111","173","181","205","228","249","284","246","250","255","239","169","161","145","134","123","90","84","100","100","124","131","146","173","202","205","250","265","252","277","290","307","317","294","307","299","326","352","359","395","433","430","376","340","347","273","227","239","230","208","203","221","188","203","173","135","151","146","166","180","180","187","166","176","150","145","167","140","117","108","108","87","91","87","73","64","46","55","42","51","33","26","25","32","20","16","10","19","5","7","3","3","3","1","0","0","1"
"대구광역시 동구 공산동(2714076000)","19,708","19,708","91","75","84","87","99","88","96","124","122","119","126","139","104","126","133","138","100","124","127","124","108","116","114","121","112","167","160","142","170","159","180","195","215","205","217","205","187","201","215","224","202","193","230","268","281","284","257","218","234","276","267","294","321","340","345","353","365","401","387","361","346","386","337","415","383","480","430","376","336","353","329","344","291","318","307","218","234","247","236","222","143","158","145","175","179","115","125","107","88","87","79","57","47","32","23","13","13","6","5","3","4"
"대구광역시 서구 (2717000000)","163,456","163,456","751","722","592","573","633","588","647","703","745","847","951","935","888","1,001","937","1,018","918","1,013","1,082","1,000","998","1,018","1,153","1,139","1,361","1,557","1,638","1,602","1,789","1,890","2,024","2,087","2,102","2,264","2,236","1,980","1,907","1,773","1,595","1,683","1,726","1,657","1,767","1,976","2,075","2,122","2,163","1,974","1,915","2,067","2,087","2,342","2,554","2,743","2,702","2,850","3,046","3,237","3,323","3,136","3,304","3,300","3,138","3,542","3,415","3,997","3,653","3,336","2,892","2,911","2,870","2,829","2,298","2,418","2,468","1,713","1,856","1,954","1,777","1,580","891","1,152","1,253","1,272","1,196","895","739","676","567","442","362","288","186","146","112","76","47","33","29","18","23"
"대구광역시 서구 내당1동(2717051000)","14,683","14,683","122","140","91","91","100","86","102","98","98","106","118","110","86","95","90","97","91","98","109","120","99","117","130","120","134","162","187","192","170","247","256","249","246","274","274","246","218","207","184","205","237","187","206","228","234","196","214","158","204","191","187","193","249","230","246","230","271","269","287","254","249","276","233","284","225","274","217","223","209","178","183","152","132","131","143","119","105","124","99","81","44","65","63","87","58","59","47","44","31","32","23","16","13","6","7","6","1","4","2","1","1"
"대구광역시 서구 내당2.3동(2717052500)","8,091","8,091","6","16","12","15","12","14","17","16","24","23","18","28","25","27","37","33","35","39","46","35","38","54","61","46","74","63","90","92","92","84","87","104","79","80","88","57","70","64","52","45","48","69","81","69","87","92","88","87","81","96","106","123","110","162","132","171","138","195","184","180","169","167","167","176","198","227","197","177","155","178","182","168","140","142","160","108","127","129","124","94","61","68","83","87","77","76","54","48","47","32","25","14","8","10","6","4","2","1","4","1","1"
"대구광역시 서구 내당4동(2717054000)","14,119","14,119","19","20","13","23","20","20","24","45","45","58","72","63","51","74","83","97","78","90","110","101","97","103","123","136","136","179","157","181","192","201","192","175","197","174","181","153","163","133","126","110","126","110","124","153","179","188","194","155","150","180","194","195","227","236","252","245","251","267","288","261","284","251","245","315","296","363","344","314","234","282","278","277","213","236","198","157","181","195","158","135","94","116","105","112","89","71","70","58","51","60","33","40","18","15","15","9","4","4","4","1","4"
"대구광역시 서구 비산1동(2717055000)","7,738","7,738","9","9","10","9","9","15","14","21","20","16","27","16","35","34","33","52","43","37","53","56","54","53","48","62","66","59","73","59","67","72","51","72","76","74","65","71","51","46","57","72","58","53","51","78","83","94","78","94","96","86","103","108","134","149","150","153","168","182","190","145","205","180","178","191","175","205","201","177","163","143","153","167","137","146","141","100","101","129","110","104","51","60","85","71","79","58","46","39","25","30","23","13","9","5","7","3","5","1","2","1","0"
"대구광역시 서구 비산2.3동(2717056500)","7,550","7,550","5","6","6","6","6","10","11","22","23","20","22","28","33","32","21","33","21","38","38","26","37","32","49","43","50","74","50","59","63","60","65","67","69","71","61","52","53","44","48","47","47","43","82","75","52","58","87","72","61","83","86","100","103","135","113","122","151","160","158","164","181","171","157","204","181","223","207","196","168","175","172","158","131","152","171","112","130","124","116","101","81","77","95","115","105","71","64","53","58","36","39","24","13","10","10","6","3","2","1","1","3"
"대구광역시 서구 비산4동(2717058000)","8,143","8,143","8","4","10","9","13","8","15","23","28","26","43","30","41","44","48","36","33","46","44","44","40","44","51","48","87","74","96","53","85","90","95","102","78","92","83","61","68","57","52","63","70","53","78","89","94","79","94","102","82","114","105","122","112","147","137","147","154","175","188","185","178","198","200","185","197","204","213","209","165","175","193","172","140","134","140","102","108","109","101","81","68","87","86","78","55","50","39","45","35","25","19","20","12","7","6","3","2","1","1","1","0"
"대구광역시 서구 비산5동(2717059000)","4,744","4,744","9","6","6","4","2","8","9","9","21","10","21","15","16","16","19","17","13","18","25","17","19","19","26","26","31","35","37","31","48","45","41","46","41","38","31","20","39","36","32","36","36","34","42","40","38","59","56","48","45","60","42","73","65","82","73","87","85","86","115","98","108","111","121","98","136","142","105","114","116","107","93","91","93","118","115","76","71","87","73","78","44","62","57","61","57","36","33","35","26","17","17","14","11","10","2","4","1","1","0","1","0"
"대구광역시 서구 비산6동(2717060000)","6,319","6,319","4","9","4","6","8","13","14","14","12","21","18","17","21","20","23","20","32","30","38","37","34","32","37","51","64","64","67","53","55","68","76","53","61","56","57","48","58","45","31","43","51","51","52","49","63","65","64","75","59","67","76","111","109","116","110","136","136","137","142","153","123","160","149","163","166","194","182","163","126","162","118","128","102","96","116","77","78","89","87","91","31","63","65","62","68","44","26","28","42","13","18","19","11","5","5","4","2","1","4","0","2"
"대구광역시 서구 비산7동(2717061000)","9,260","9,260","34","39","27","18","34","24","24","34","30","38","31","39","30","51","46","40","39","50","55","66","52","69","61","62","85","87","85","118","111","99","105","120","122","110","97","101","106","91","79","83","82","75","84","100","86","94","126","102","96","110","130","126","159","166","175","166","203","219","216","193","215","205","194","216","208","235","246","198","163","150","166","176","143","140","144","98","105","122","101","113","48","73","84","83","68","48","49","45","36","27","19","9","6","6","3","7","3","4","0","2","2"
"대구광역시 서구 평리1동(2717062000)","6,126","6,126","3","7","6","6","14","12","17","9","10","21","25","25","34","29","28","32","37","29","35","34","38","46","37","45","43","53","49","58","75","64","64","69","57","64","50","51","48","43","41","34","52","51","48","59","59","66","73","50","70","92","65","86","114","109","91","110","121","122","144","125","161","142","129","139","145","172","174","128","141","125","133","152","102","100","127","69","64","86","86","76","44","60","55","66","70","51","35","39","21","20","13","14","13","8","6","3","2","0","2","1","3"
"대구광역시 서구 평리2동(2717063000)","6,820","6,820","18","13","8","14","21","22","31","35","42","35","74","52","67","69","50","68","47","60","51","47","55","42","50","45","37","68","60","53","62","64","85","62","67","81","59","48","55","53","56","61","67","69","96","82","95","91","110","97","103","97","102","115","129","119","109","116","125","132","144","120","126","131","142","147","151","172","152","140","134","122","146","102","103","100","107","57","77","96","72","62","29","51","53","43","56","30","30","19","18","12","7","12","3","3","5","1","3","0","0","0","1"
"대구광역시 서구 평리3동(2717064000)","12,090","12,090","89","72","72","67","65","66","70","82","73","82","95","79","83","79","71","81","71","78","77","54","68","79","77","70","85","113","107","96","105","120","134","146","141","164","204","183","166","183","160","159","152","173","165","182","178","180","177","163","163","142","133","185","201","188","187","189","218","200","199","204","242","218","213","260","263","291","258","204","205","201","183","211","145","154","156","109","125","127","126","89","53","76","94","71","64","54","54","51","37","33","24","14","11","8","6","4","5","4","0","1","1"
"대구광역시 서구 평리4동(2717065000)","15,025","15,025","33","35","31","32","52","33","57","56","71","101","89","115","101","115","112","131","102","121","91","89","100","77","98","108","125","148","153","164","197","173","204","172","180","183","177","173","145","130","128","129","146","133","170","204","226","229","219","179","191","209","209","204","240","238","269","276","275","303","289","317","314","316","303","373","338","366","346","328","255","278","243","264","205","229","232","156","162","157","148","147","66","87","99","95","117","62","49","53","46","25","28","25","16","11","8","4","5","3","6","2","1"
"대구광역시 서구 평리5동(2717066000)","10,531","10,531","221","205","165","168","168","138","129","118","107","114","109","87","74","90","58","74","68","52","65","66","47","50","66","55","60","71","86","97","119","110","149","209","206","305","329","320","316","268","236","266","223","214","183","173","188","186","167","142","113","130","108","121","127","135","116","130","130","124","115","105","121","113","111","121","107","139","112","107","79","106","85","77","71","55","73","41","70","44","52","43","29","28","28","27","34","18","15","12","10","8","7","4","2","5","2","0","1","0","0","1","2"
"대구광역시 서구 평리6동(2717066100)","5,391","5,391","61","57","56","34","38","32","25","17","14","21","23","29","28","23","27","31","30","26","31","25","26","31","37","39","34","41","47","59","54","71","96","109","116","109","126","100","90","104","51","77","78","83","53","68","48","63","61","67","62","60","64","61","85","86","93","80","93","101","106","124","110","107","92","109","95","121","116","101","82","84","79","78","76","70","67","39","47","40","44","36","20","26","32","26","29","16","16","9","6","8","4","7","5","6","2","1","1","3","0","0","0"
"대구광역시 서구 상중이동(2717067500)","16,863","16,863","39","31","33","27","31","49","46","63","81","112","115","154","128","149","145","138","132","146","153","129","137","109","137","118","167","169","189","143","180","197","184","178","201","199","172","135","118","147","144","136","144","162","157","209","249","235","230","249","202","231","253","275","234","283","281","310","324","353","367","325","345","362","317","367","353","446","377","382","336","314","288","287","257","262","226","187","198","189","180","148","74","80","105","104","95","88","55","55","62","40","45","25","17","21","15","13","6","4","2","1","1"
"대구광역시 서구 원대동(2717069500)","9,963","9,963","71","53","42","44","40","38","42","41","46","43","51","48","35","54","46","38","46","55","61","54","57","61","65","65","83","97","105","94","114","125","140","154","165","190","182","161","143","122","118","117","109","97","95","118","116","147","125","134","137","119","124","144","156","162","168","182","203","212","191","183","173","192","187","194","181","223","206","175","161","131","175","169","108","153","152","106","107","107","100","101","54","73","64","84","75","63","57","43","16","24","18","18","18","10","7","4","1","0","1","3","1"
"대구광역시 남구 (2720000000)","141,659","141,659","646","598","528","485","502","514","572","486","597","653","725","707","728","796","855","870","784","879","1,002","1,110","1,149","1,324","1,557","1,442","1,556","1,784","1,846","1,801","1,890","2,007","2,199","2,068","2,111","2,104","2,036","1,799","1,766","1,599","1,465","1,431","1,480","1,494","1,599","1,774","1,959","1,884","1,880","1,735","1,701","1,844","1,788","2,067","2,191","2,461","2,468","2,503","2,526","2,468","2,527","2,344","2,226","2,352","2,080","2,550","2,444","2,797","2,603","2,497","2,287","2,270","2,169","2,319","1,834","1,910","1,896","1,431","1,535","1,616","1,542","1,453","841","1,014","1,072","1,211","1,075","893","780","711","564","495","411","325","240","175","120","81","52","51","32","19","22"
"대구광역시 남구 이천동(2720051500)","14,245","14,245","108","106","93","89","94","84","110","68","88","80","111","94","79","113","100","114","94","115","108","104","98","102","112","98","127","114","134","121","139","144","199","175","187","229","245","224","201","220","193","159","181","175","163","209","259","226","210","186","196","224","202","233","230","263","255","285","250","224","245","210","200","188","192","213","199","215","187","212","186","194","171","186","154","179","146","128","143","119","155","149","83","107","125","154","96","102","86","73","72","53","39","32","34","16","16","12","11","9","4","2","4"
"대구광역시 남구 봉덕1동(2720053000)","7,680","7,680","14","17","13","12","17","14","15","13","22","22","24","26","25","24","41","42","30","37","44","40","52","48","62","72","79","100","95","97","78","120","114","114","92","93","97","62","65","58","75","81","70","67","80","60","103","101","104","91","71","112","119","114","125","152","142","138","139","160","154","153","154","145","105","152","153","167","173","145","142","158","128","142","107","110","124","94","85","100","89","93","50","60","53","89","58","75","54","66","44","41","32","30","12","19","16","3","2","2","3","2","2"
"대구광역시 남구 봉덕2동(2720054000)","12,852","12,852","101","84","89","100","73","88","100","84","110","104","114","99","102","106","111","113","109","104","97","95","84","85","85","79","77","88","83","90","108","111","147","165","134","167","160","167","191","154","165","190","160","174","195","213","210","183","184","182","172","178","174","174","184","219","206","219","228","203","233","176","197","193","171","222","210","214","224","220","181","194","193","208","172","150","159","111","142","142","125","127","73","91","84","99","96","74","64","57","53","54","40","47","30","17","13","6","5","6","3","2","3"
"대구광역시 남구 봉덕3동(2720055000)","14,003","14,003","21","37","31","31","38","43","46","43","58","74","61","101","107","110","102","102","94","112","130","115","105","115","117","132","120","159","146","142","155","162","169","132","163","141","145","134","125","118","113","99","106","125","149","188","187","183","197","192","196","201","189","227","245","233","253","280","280","244","249","237","222","240","202","259","274","310","260","264","277","262","253","231","199","221","206","159","158","181","162","153","102","114","120","144","120","100","103","86","63","58","49","34","35","23","18","13","7","4","2","4","2"
"대구광역시 남구 대명1동(2720056000)","9,242","9,242","18","15","14","11","20","20","23","21","26","33","36","57","44","55","69","62","62","69","67","89","66","79","108","119","108","125","134","122","111","152","130","118","129","108","98","90","100","97","69","83","74","81","116","125","110","113","127","112","115","108","91","121","135","170","171","151","180","176","179","176","163","178","146","185","179","204","183","189","150","182","160","157","132","120","147","101","109","119","117","105","60","56","69","75","71","60","58","42","33","21","25","18","16","5","7","2","3","1","2","2","2"
"대구광역시 남구 대명2동(2720057100)","15,229","15,229","133","109","87","65","73","72","75","83","63","77","84","78","75","85","77","82","96","109","115","179","210","260","262","211","223","255","234","271","300","279","325","341","348","327","307","307","293","230","213","159","188","198","197","190","207","177","200","176","194","205","193","205","213","231","251","239","215","216","223","175","160","196","170","192","195","234","199","184","174","172","148","173","134","131","137","130","126","108","141","110","72","75","85","83","90","70","61","46","34","29","32","28","11","11","7","6","2","2","4","1","1"
"대구광역시 남구 대명3동(2720058600)","12,166","12,166","58","47","44","33","26","31","35","29","39","38","49","37","49","54","51","52","51","51","87","110","105","144","166","160","129","151","195","151","207","219","259","235","243","251","230","169","175","138","107","115","128","119","119","136","160","138","159","129","124","144","127","189","183","202","203","211","216","193","201","202","177","224","212","205","207","251","238","206","163","163","190","187","141","174","164","117","137","160","128","130","58","73","86","102","99","57","59","53","47","44","33","19","17","13","7","6","7","3","3","2","1"
"대구광역시 남구 대명4동(2720059000)","9,003","9,003","10","13","12","12","19","16","21","21","30","34","41","34","38","34","43","42","43","55","47","58","67","76","112","121","119","108","124","111","102","115","117","100","104","99","84","73","61","71","49","67","78","83","79","101","93","98","103","92","97","72","102","115","125","137","180","171","162","152","163","183","159","181","149","226","204","225","220","198","201","201","188","193","159","156","150","100","133","127","113","95","64","90","75","73","91","60","56","58","36","37","33","14","15","9","10","5","3","3","1","1","2"
"대구광역시 남구 대명5동(2720060000)","8,896","8,896","86","73","61","50","56","47","43","40","39","37","43","36","34","46","53","54","34","55","85","88","117","139","186","120","143","173","186","176","165","136","139","154","171","182","153","137","159","140","116","132","117","122","110","91","116","129","102","95","90","110","109","137","162","165","169","154","142","148","138","119","115","109","106","133","101","147","120","108","102","77","77","108","72","78","88","66","67","69","68","52","37","45","56","48","39","29","31","35","18","20","19","9","12","8","3","4","1","4","6","0","0"
"대구광역시 남구 대명6동(2720061000)","10,276","10,276","44","57","30","37","41","46","45","37","42","60","57","45","65","44","70","62","42","49","71","72","76","77","102","83","128","136","123","157","138","158","175","143","180","145","168","128","114","122","96","99","122","107","107","133","159","156","142","144","105","154","138","163","159","186","182","177","212","190","193","183","165","180","169","182","167","189","188","159","171","155","173","159","139","131","144","97","103","111","95","98","53","60","63","72","68","44","48","43","30","39","30","26","16","10","6","5","4","5","1","0","2"
"대구광역시 남구 대명9동(2720064000)","13,110","13,110","32","24","24","25","23","25","37","23","41","46","61","56","63","70","66","79","79","62","85","71","85","104","114","123","152","189","209","173","216","222","205","191","191","173","163","157","135","138","147","117","127","129","141","154","169","178","174","175","190","182","177","182","201","257","225","232","243","286","264","256","243","216","175","252","236","273","258","266","226","230","205","230","156","210","159","135","139","165","143","139","85","96","111","113","94","88","63","66","51","28","36","27","17","15","10","6","5","2","1","2","0"
"대구광역시 남구 대명10동(2720065000)","7,805","7,805","10","8","12","13","12","7","13","9","20","29","24","18","28","32","27","40","22","35","37","53","50","53","76","74","94","117","111","126","98","108","121","115","100","99","92","88","77","59","66","69","68","63","72","82","101","104","103","86","78","81","93","131","119","123","102","112","137","144","152","134","134","170","133","151","152","182","176","170","144","144","146","164","142","123","142","98","93","99","94","117","58","86","71","79","75","68","49","52","49","34","18","18","13","14","2","10","0","5","0","1","2"
"대구광역시 남구 대명11동(2720066000)","7,152","7,152","11","8","18","7","10","21","9","15","19","19","20","26","19","23","45","26","28","26","29","36","34","42","55","50","57","69","72","64","73","81","99","85","69","90","94","63","70","54","56","61","61","51","71","92","85","98","75","75","73","73","74","76","110","123","129","134","122","132","133","140","137","132","150","178","167","186","177","176","170","138","137","181","127","127","130","95","100","116","112","85","46","61","74","80","78","66","48","34","34","37","25","23","12","15","5","3","2","5","2","0","1"
"대구광역시 북구 (2723000000)","406,587","406,587","1,805","1,794","1,612","1,684","1,837","1,904","2,156","2,362","2,722","2,963","3,366","3,550","3,477","3,672","3,812","3,881","3,537","3,675","4,163","4,311","4,262","4,593","5,086","4,819","5,059","5,437","5,396","4,832","4,968","5,088","5,101","5,153","5,012","5,051","5,092","4,643","4,630","4,487","4,213","4,276","4,472","4,406","4,837","5,481","6,002","6,218","6,283","5,860","5,786","6,172","6,257","6,978","7,609","7,860","7,817","8,019","7,851","8,087","7,681","7,293","7,025","6,931","6,145","7,203","6,592","7,629","6,899","6,225","5,341","5,194","4,821","4,752","3,898","3,918","3,904","2,915","3,114","3,313","2,956","2,648","1,603","2,075","2,087","2,265","2,088","1,606","1,454","1,237","956","811","632","537","387","292","222","151","97","80","46","34","54"
"대구광역시 북구 고성동(2723051000)","14,603","14,603","294","287","240","204","230","196","167","164","168","137","158","169","121","125","137","129","90","96","110","101","100","91","81","76","107","97","117","103","150","178","262","285","348","399","487","451","484","416","381","362","305","291","300","310","323","291","235","209","198","212","164","199","153","184","164","151","148","142","133","124","116","98","92","118","95","135","124","100","91","85","83","93","67","84","77","72","52","61","53","43","30","43","39","40","43","20","21","15","11","13","13","16","6","7","3","5","2","1","2","0","0"
"대구광역시 북구 칠성동(2723052600)","23,657","23,657","168","162","130","99","137","156","160","141","194","207","238","249","283","256","254","222","227","211","219","203","189","211","190","201","236","263","307","283","329","377","353","410","399","415","395","367","359","344","317","319","301","311","349","374","414","414","460","405","384","388","366","418","418","398","389","422","366","356","320","329","297","292","269","339","267","315","320","290","264","249","244","236","210","207","202","138","166","183","141","152","82","112","124","109","118","113","79","74","71","59","39","32","24","15","18","12","12","6","6","1","8"
"대구광역시 북구 침산1동(2723055000)","3,441","3,441","1","9","6","10","7","3","11","7","14","15","15","11","14","18","18","15","14","18","17","16","8","16","18","25","29","25","29","37","33","37","31","37","21","40","32","29","30","31","29","32","23","37","26","41","36","36","34","31","31","50","35","42","53","66","48","60","60","59","87","73","71","76","85","107","75","129","101","87","74","86","67","87","70","60","62","36","52","41","45","43","23","19","27","29","31","20","18","21","11","13","7","9","5","5","4","2","1","2","1","1","2"
"대구광역시 북구 침산2동(2723056000)","17,835","17,835","116","94","93","105","126","109","167","149","187","230","218","246","251","237","231","247","214","215","221","180","180","154","190","154","142","172","177","162","190","193","234","227","249","258","248","236","239","258","205","210","236","254","272","302","345","382","399","326","307","268","283","305","350","330","305","280","322","297","249","253","243","221","198","240","204","249","228","191","169","165","163","163","140","141","142","105","97","125","91","96","51","70","77","84","70","64","58","47","50","25","19","18","8","14","10","3","4","5","2","2","4"
"대구광역시 북구 침산3동(2723057000)","17,704","17,704","72","65","58","73","86","86","112","126","156","154","192","192","180","193","182","207","171","175","200","197","164","174","153","161","168","220","183","142","176","155","153","175","153","163","187","171","190","179","203","171","187","210","202","239","247","300","302","264","291","313","285","316","309","352","343","347","330","360","339","326","292","284","289","288","288","323","290","270","232","236","224","232","169","178","184","132","159","162","141","158","79","114","120","142","97","60","79","73","64","35","40","29","18","15","10","6","3","4","2","3","0"
"대구광역시 북구 산격1동(2723061000)","7,370","7,370","7","5","3","2","9","6","8","13","13","20","12","22","28","24","29","34","33","28","26","43","38","25","40","31","36","58","53","50","45","67","66","63","69","61","67","50","51","55","41","38","49","35","53","59","59","71","75","80","61","84","88","85","97","109","126","140","169","154","131","151","179","176","157","168","198","213","208","186","174","185","173","176","146","162","155","138","159","134","122","97","61","90","93","110","98","63","65","55","44","41","28","20","16","10","11","9","1","3","0","0","1"
"대구광역시 북구 산격2동(2723062000)","9,376","9,376","22","19","19","18","15","23","37","33","41","48","58","62","53","59","78","77","70","59","67","84","77","71","85","90","85","114","116","112","124","124","130","122","106","100","96","87","85","86","71","74","65","85","76","110","109","124","110","107","109","126","108","135","169","154","176","192","193","178","199","185","227","218","180","208","212","238","214","203","149","167","154","139","122","127","129","104","101","108","102","74","46","58","87","79","69","51","52","35","27","21","16","11","13","6","8","3","4","1","1","2","3"
"대구광역시 북구 산격3동(2723063000)","8,390","8,390","9","10","18","8","8","6","10","19","22","19","21","30","13","24","27","33","35","24","67","154","246","301","338","353","354","312","266","197","166","166","159","126","111","108","98","88","70","77","57","53","47","61","48","76","75","71","104","85","56","81","78","94","105","95","97","90","105","105","93","119","98","104","91","129","112","145","132","122","105","103","114","105","97","94","100","79","81","87","74","75","35","63","42","63","41","41","43","25","17","23","21","11","8","5","1","6","6","2","1","0","1"
"대구광역시 북구 산격4동(2723063100)","6,961","6,961","7","6","6","15","10","12","14","16","12","21","20","30","30","35","36","41","36","35","40","40","45","60","67","85","82","97","85","86","94","110","87","86","104","100","88","61","63","64","49","52","67","64","69","74","98","68","70","85","54","83","89","99","104","122","108","97","125","139","136","151","111","122","116","147","161","177","162","142","149","155","139","135","112","105","116","83","94","101","100","80","46","67","57","67","58","42","35","32","34","29","14","11","11","9","5","3","2","2","1","0","0"
"대구광역시 북구 대현동(2723064500)","15,618","15,618","43","33","36","32","33","33","47","55","57","78","71","81","89","101","103","114","90","111","113","176","182","268","352","366","374","384","276","243","176","150","169","191","135","158","158","162","112","129","107","131","129","122","138","165","172","224","218","210","198","207","191","239","239","247","277","262","280","244","230","268","253","260","232","276","242","306","288","270","230","231","224","237","197","206","198","153","154","201","165","145","99","138","121","131","124","123","98","71","49","62","31","38","29","21","14","5","8","4","3","1","1"
"대구광역시 북구 복현1동(2723067100)","7,131","7,131","10","8","9","5","4","8","9","13","13","11","8","8","13","22","15","23","15","23","58","116","192","236","327","363","360","355","276","199","195","176","120","131","119","105","87","79","71","66","59","47","55","59","56","67","63","61","63","59","66","50","51","84","95","93","80","98","108","101","97","100","78","96","86","101","86","100","109","85","86","74","78","82","52","55","56","46","54","54","35","35","22","26","24","29","30","17","19","13","8","7","6","8","7","2","2","3","0","0","0","0","0"
"대구광역시 북구 복현2동(2723067200)","28,733","28,733","165","182","141","157","131","136","137","193","198","206","278","287","253","291","293","310","301","285","340","346","319","369","430","374","357","377","339","343","328","384","402","383","391","418","394","392","370","364","320","313","341","314","372","418","450","439","468","430","433","401","447","428","463","511","486","497","514","517","490","491","489","454","424","499","410","547","492","440","386","375","347","311","263","268","237","168","191","184","184","155","101","107","105","122","106","84","76","65","47","49","28","34","21","19","9","8","5","6","4","2","4"
"대구광역시 북구 검단동(2723068000)","5,414","5,414","4","11","7","11","13","7","12","12","20","16","30","23","28","20","29","29","19","33","34","28","24","23","39","25","41","36","53","42","50","50","62","55","65","53","51","56","43","53","58","52","54","47","53","75","53","79","65","73","65","74","81","63","91","78","84","90","86","95","102","98","109","103","110","122","105","165","153","146","115","115","104","112","97","100","106","73","75","73","73","78","37","50","57","35","60","35","39","32","23","25","14","19","7","8","7","4","1","1","2","0","1"
"대구광역시 북구 무태조야동(2723069500)","32,499","32,499","127","121","129","136","164","200","180","221","289","317","324","330","311","323","317","359","285","327","363","304","288","337","333","276","336","363","365","342","286","343","310","305","297","312","292","302","285","330","320","336","371","369","405","493","590","544","571","536","554","569","576","686","768","766","703","781","714","762","676","623","558","523","438","545","487","544","470","484","405","415","370","350","305","308","306","271","246","244","248","192","136","159","137","153","129","106","96","68","52","55","42","26","28","15","13","12","6","7","5","1","2"
"대구광역시 북구 관문동(2723071500)","31,975","31,975","157","191","192","201","220","218","273","296","306","371","417","379","394","370","339","339","295","290","287","279","255","229","214","236","215","245","301","284","308","331","317","315","337","360","369","367","413","366","383","472","483","452","539","606","666","649","595","550","513","515","501","539","562","556","610","555","541","594","594","517","523","528","476","558","506","565","521","516","417","398","377","357","323","264","272","184","224","241","187","174","97","132","128","129","124","99","87","69","48","36","34","26","18","23","14","11","4","5","2","6","4"
"대구광역시 북구 태전1동(2723072500)","21,074","21,074","66","52","58","49","64","59","62","78","105","98","122","126","107","136","135","146","148","126","220","322","324","408","423","319","330","315","318","318","321","283","277","278","267","243","274","200","203","206","179","191","204","178","229","233","239","249","232","253","261","285","320","321","349","363","412","391","418","448","430","401","440","364","356","430","401","465","401","340","333","291","277","269","213","212","214","175","171","173","171","117","95","125","113","146","101","82","80","78","60","39","33","38","26","24","21","4","6","7","6","3","2"
"대구광역시 북구 태전2동(2723073500)","21,610","21,610","72","65","55","70","77","90","99","80","116","127","122","165","158","168","194","180","209","209","228","218","222","234","273","239","253","298","262","261","255","299","297","273","259","222","240","231","195","189","209","194","192","220","218","202","256","325","311","305","280","319","331","342","417","455","430","468","436","412","427","390","431","436","347","422","422","467","456","391","321","328","291","275","247","261","242","163","187","207","173","156","102","111","118","116","130","94","88","74","47","34","36","20","27","15","6","8","6","4","0","2","6"
"대구광역시 북구 구암동(2723074500)","30,230","30,230","69","83","58","79","84","110","137","170","192","204","267","295","284","323","378","345","330","381","440","393","364","389","389","362","367","389","441","385","386","327","328","320","306","292","296","246","254","254","199","204","295","250","316","386","403","422","491","462","485","513","580","646","720","723","707","757","716","729","715","661","636","606","502","560","500","573","501","425","337","328","259","269","204","213","195","141","157","187","173","174","94","127","130","151","153","103","86","76","63","51","45","34","26","21","5","12","2","5","2","2","5"
"대구광역시 북구 관음동(2723075000)","13,689","13,689","26","28","23","26","36","42","34","48","47","57","63","96","79","91","87","128","93","101","117","115","118","102","141","111","129","141","192","160","166","168","148","159","129","142","143","108","111","110","115","102","118","114","100","124","165","153","156","171","150","184","170","237","238","287","307","296","307","370","323","306","290","336","276","365","288","342","342","286","268","237","227","231","174","172","181","120","119","100","139","105","57","78","85","94","92","64","62","51","42","45","33","27","18","13","8","5","3","2","1","1","2"
"대구광역시 북구 읍내동(2723077000)","24,576","24,576","96","96","81","93","95","114","118","136","113","139","156","169","165","187","208","210","208","196","227","237","214","216","253","254","293","311","363","309","346","337","340","367","323","328","296","254","262","241","224","243","247","235","273","281","319","269","324","265","281","298","355","363","486","492","476","581","533","549","528","501","501","543","431","522","504","565","505","440","357","350","317","309","239","226","236","161","173","204","168","166","96","120","109","140","150","99","98","90","53","47","54","46","19","17","18","11","9","4","0","2","3"
"대구광역시 북구 동천동(2723078000)","24,635","24,635","78","84","71","90","114","111","132","154","177","184","232","215","264","278","325","290","282","347","361","353","326","320","313","323","340","321","369","295","313","299","266","272","260","251","251","237","228","215","200","239","237","224","263","302","336","378","381","368","423","460","499","550","622","619","664","663","597","638","549","535","440","405","374","403","345","356","281","292","206","199","168","167","128","130","133","109","127","147","109","117","73","99","114","96","94","90","72","70","54","38","33","19","22","9","11","9","4","0","0","2","2"
"대구광역시 북구 노원동(2723079000)","10,954","10,954","62","48","51","43","44","31","39","40","44","44","52","55","56","59","60","71","53","55","53","57","70","62","70","61","74","111","99","98","102","111","120","145","157","152","152","145","164","121","124","120","113","115","107","131","136","152","131","117","126","153","144","160","173","188","186","202","180","203","244","202","201","219","214","253","297","303","254","238","211","182","183","197","154","162","168","146","150","147","134","113","64","79","70","85","63","61","33","39","21","20","14","9","10","4","8","4","3","1","1","0","1"
"대구광역시 북구 국우동(2723080000)","29,112","29,112","134","135","128","158","130","148","191","198","238","260","292","310","303","332","337","332","319","330","355","349","317","297","367","334","351","433","409","381","429","423","470","428","407","371","391","324","348","333","363","321","353","359","373","413","448","517","488","469","460","539","515","627","628","672","639","599","603","635","589","489","442","467","402","403","387","407","347","281","262","240","238","220","169","183","193","118","125","149","128","103","77","88","110","115","107","75","70","64","60","44","32","36","20","15","16","6","5","8","4","3","2"
"대구광역시 수성구 (2726000000)","407,820","407,820","1,542","1,676","1,532","1,763","2,155","2,226","2,601","3,134","3,505","3,985","4,402","4,663","4,738","4,991","5,070","4,884","4,463","4,576","4,884","4,328","3,989","3,779","4,027","3,959","3,937","4,516","4,530","4,074","4,211","4,225","4,264","4,196","4,294","4,265","4,433","4,096","4,355","4,261","4,212","4,537","4,657","4,868","5,574","6,325","6,879","7,253","7,139","6,762","6,458","6,594","6,719","6,977","7,329","7,627","7,593","7,981","7,623","7,653","7,333","6,691","6,360","6,400","5,921","6,420","5,800","6,602","6,223","5,700","5,149","5,114","4,756","4,774","3,924","4,071","3,874","2,975","3,249","3,263","3,014","2,854","1,688","2,064","2,181","2,299","2,055","1,730","1,483","1,276","1,175","932","819","699","466","371","275","170","122","94","62","39","64"
"대구광역시 수성구 범어1동(2726051000)","22,679","22,679","150","153","145","157","220","233","265","327","319","361","344","391","343","303","366","315","278","288","287","262","228","202","188","223","182","183","185","191","196","190","213","208","247","223","270","284","310","298","325","375","411","359","434","467","474","456","484","459","371","398","398","403","435","352","405","396","364","367","336","286","275","272","264","271","199","245","232","207","167","180","151","158","144","148","142","86","116","130","120","131","64","95","73","98","67","56","56","58","42","42","31","18","19","15","10","2","4","3","2","2","1"
"대구광역시 수성구 범어2동(2726052000)","15,345","15,345","62","74","64","104","93","105","111","136","139","162","176","202","151","170","189","181","164","153","173","163","168","145","156","161","166","229","251","199","235","221","229","211","202","206","191","166","214","171","199","218","226","206","227","252","272","275","262","259","257","243","236","252","253","238","269","251","280","240","241","219","183","230","194","194","191","203","184","180","158","162","142","147","125","130","124","95","84","100","96","84","50","74","80","81","73","56","56","45","32","22","23","25","11","9","11","8","7","1","3","1","3"
"대구광역시 수성구 범어3동(2726053000)","17,016","17,016","125","124","118","142","140","165","182","231","238","258","293","261","259","230","233","226","195","176","222","167","162","137","191","157","171","175","186","160","180","174","192","182","200","241","256","244","275","262","274","270","277","285","283","330","373","365","332","304","308","318","302","293","291","317","304","316","282","257","262","225","213","214","181","175","128","170","158","143","127","128","100","116","88","75","96","65","80","69","72","76","36","56","59","37","49","31","36","27","19","21","22","11","11","10","3","5","6","4","1","0","0"
"대구광역시 수성구 범어4동(2726054000)","18,446","18,446","26","29","28","61","87","90","156","216","289","323","433","474","533","532","497","407","368","365","320","253","242","175","167","162","145","154","164","123","123","92","92","71","72","76","79","93","100","119","122","189","229","289","379","448","490","595","544","465","454","461","380","382","389","392","350","294","292","269","211","207","181","161","142","153","133","142","154","140","123","130","108","113","99","119","99","67","90","78","92","82","45","50","59","55","56","36","22","33","28","15","22","15","12","10","3","6","4","1","0","1","0"
"대구광역시 수성구 만촌1동(2726055000)","20,174","20,174","74","83","70","88","103","131","126","157","183","201","192","204","179","176","212","219","201","208","218","187","188","181","180","188","201","226","208","189","197","192","225","203","181","211","173","209","208","196","188","226","204","224","261","285","290","306","284","286","303","304","301","313","327","352","365","385","392","411","378","376","342","331","313","335","357","360","315","312","297","274","269","289","233","242","199","191","201","194","180","190","101","124","111","142","111","122","81","95","75","64","55","38","27","27","21","10","3","5","1","4","4"
"대구광역시 수성구 만촌2동(2726056000)","13,080","13,080","31","43","52","45","74","66","85","79","95","121","117","136","148","166","192","203","181","222","191","148","153","136","142","144","150","174","173","165","173","150","147","140","148","127","145","124","116","147","118","122","138","149","167","203","230","246","245","280","249","196","230","243","252","239","256","245","225","220","216","195","193","203","194","175","148","169","186","162","164","138","125","144","125","119","113","88","103","93","83","80","46","55","68","58","61","47","39","27","34","32","34","22","12","9","8","1","2","3","1","0","3"
"대구광역시 수성구 만촌3동(2726056100)","20,523","20,523","41","69","62","55","110","125","151","214","265","301","340","412","396","556","462","423","346","381","371","309","251","215","256","176","174","198","185","150","170","135","155","129","121","127","144","126","136","163","184","229","276","291","369","469","499","543","565","519","446","448","423","404","393","410","424","391","342","352","313","256","263","232","174","212","164","186","178","179","141","151","137","135","123","136","130","80","84","101","93","95","56","68","71","65","68","50","35","29","39","26","23","19","8","12","7","3","0","0","3","0","1"
"대구광역시 수성구 수성1가동(2726057000)","16,970","16,970","54","57","54","52","74","75","94","132","131","178","184","182","207","219","205","205","194","189","214","159","168","148","187","171","168","169","168","168","134","145","161","151","160","159","154","158","145","153","164","165","177","165","212","275","276","247","299","289","278","266","285","299","291","348","296","331","335","337","315","263","268","263","238","244","210","246","245","218","207","212","185","219","167","197","202","147","161","189","150","161","94","124","144","135","119","93","86","72","78","57","58","37","33","23","18","11","3","3","3","4","7"
"대구광역시 수성구 수성2.3가동(2726058000)","10,185","10,185","14","38","26","45","79","56","81","81","114","119","127","124","136","135","132","158","128","152","153","138","117","119","113","109","107","114","110","65","78","81","73","72","64","65","68","68","79","77","97","97","103","114","126","128","195","215","172","176","195","185","214","200","175","207","214","228","181","195","167","134","150","137","134","148","114","156","157","136","113","112","126","128","106","101","93","83","77","105","81","64","48","63","50","67","64","52","37","30","25","25","19","19","13","6","3","4","2","1","2","1","0"
"대구광역시 수성구 수성4가동(2726059000)","12,798","12,798","33","41","38","33","36","40","48","44","49","69","83","78","91","90","99","113","97","117","139","121","106","115","143","143","142","170","169","134","136","130","124","127","143","127","126","110","129","97","101","99","100","121","131","130","166","163","150","175","151","162","171","198","243","264","253","300","286","300","298","289","270","232","239","256","226","260","238","221","221","194","183","178","140","194","137","115","125","124","122","136","73","91","91","90","102","86","69","49","56","43","45","32","23","14","15","6","6","6","3","0","6"
"대구광역시 수성구 황금1동(2726060100)","20,820","20,820","61","67","79","81","130","149","210","243","265","276","314","358","356","361","348","319","283","288","318","256","264","220","223","211","195","216","176","167","132","155","127","150","139","139","151","145","180","183","218","230","263","291","329","368","411","432","375","367","381","371","350","382","387","405","363","414","381","387","366","348","313","305","268","313","242","299","274","260","213","244","234","212","175","160","149","117","163","128","115","104","75","72","81","87","73","66","49","50","40","36","45","31","22","13","8","8","8","6","2","3","3"
"대구광역시 수성구 황금2동(2726060200)","11,770","11,770","72","82","56","70","61","52","62","65","81","98","92","89","95","117","103","103","86","91","100","89","87","105","98","115","120","130","163","147","159","205","174","190","181","190","184","149","178","151","155","137","148","140","191","159","188","215","189","165","176","185","198","192","196","222","217","202","183","182","206","177","165","154","134","175","170","164","173","145","136","173","143","148","103","130","133","94","109","102","96","115","48","74","81","73","65","36","50","31","31","30","18","14","14","13","7","6","1","1","1","1","0"
"대구광역시 수성구 중동(2726061000)","14,422","14,422","108","134","105","98","115","105","130","101","117","147","120","120","146","109","145","126","104","108","127","104","97","86","115","118","130","170","185","154","170","171","166","177","215","210","245","207","213","217","206","212","212","199","231","253","281","276","247","247","232","217","226","209","250","287","242","250","241","275","231","221","198","193","200","213","171","210","203","199","154","152","156","149","118","142","127","102","103","119","105","92","65","76","69","67","75","43","51","35","45","36","17","18","15","8","14","6","6","4","4","2","0"
"대구광역시 수성구 상동(2726062000)","13,938","13,938","27","32","41","42","41","55","44","49","75","82","93","78","87","93","96","88","115","117","121","107","103","109","114","140","123","141","140","151","180","187","155","158","166","155","154","140","157","128","103","138","120","139","142","176","185","177","197","191","163","234","199","212","218","240","241","292","268","259","266","250","216","280","267","258","253","306","273","260","244","252","255","238","199","184","213","130","169","159","146","130","88","100","109","137","107","81","73","62","45","41","32","43","31","15","15","12","10","4","2","3","2"
"대구광역시 수성구 파동(2726063000)","17,133","17,133","141","137","101","113","138","104","108","102","114","114","123","120","118","148","122","144","115","124","120","134","118","134","117","130","118","140","152","153","154","170","199","196","210","266","255","258","280","258","236","239","242","243","262","280","282","290","281","259","249","216","260","251","281","285","306","350","297","286","299","268","266","252","252","264","266","285","306","279","255","244","227","237","196","198","203","150","192","160","151","123","74","95","102","101","98","81","76","55","57","33","38","26","18","18","16","10","4","4","3","3","5"
"대구광역시 수성구 두산동(2726064000)","14,840","14,840","80","70","58","90","80","82","87","98","102","119","121","119","109","116","128","135","108","133","158","128","114","129","120","181","171","205","227","252","197","207","233","229","256","216","239","208","217","199","207","186","188","186","210","254","264","250","257","257","224","198","207","244","255","248","259","274","295","297","286","255","217","248","250","222","215","238","217","199","167","189","157","148","126","135","128","104","97","81","86","86","46","57","56","65","44","47","29","38","29","15","16","22","16","10","6","2","3","0","2","1","4"
"대구광역시 수성구 지산1동(2726065100)","18,617","18,617","28","28","24","40","33","26","46","42","66","67","94","108","98","128","123","144","112","129","154","156","141","126","186","168","200","231","239","219","235","255","243","239","227","201","188","167","181","181","130","129","133","151","166","202","209","226","243","200","234","237","244","302","312","338","366","410","381","381","383","351","375","363","307","391","370","426","412","353","357","301","310","317","257","278","261","221","221","218","240","199","128","150","153","167","142","124","105","90","95","71","47","53","30","17","24","12","14","6","4","1","6"
"대구광역시 수성구 지산2동(2726065200)","18,149","18,149","73","56","53","50","65","64","84","88","97","109","131","127","148","171","141","151","165","138","185","159","141","156","155","172","159","184","198","173","189","216","179","221","232","198","204","191","173","183","150","198","155","178","186","202","241","280","247","225","236","265","254","308","314","331","340","385","364","352","365","327","313","310","310","387","342","381","373","324","332","303","296","310","246","244","211","162","179","190","154","166","78","101","119","117","112","116","93","74","78","44","35","58","35","26","18","10","9","4","3","1","3"
"대구광역시 수성구 범물1동(2726066100)","9,654","9,654","8","16","16","12","14","11","8","26","21","27","28","34","36","35","48","36","58","49","53","54","44","50","55","62","65","72","82","66","74","78","69","67","72","79","68","65","60","60","59","68","59","72","81","83","85","100","80","93","91","110","92","123","135","157","137","141","156","181","181","180","174","210","188","256","239","258","242","239","227","267","242","236","213","216","206","172","181","185","174","154","96","100","134","128","112","110","95","75","56","46","46","40","22","25","15","5","7","10","4","4","3"
"대구광역시 수성구 범물2동(2726066200)","15,526","15,526","64","57","53","62","63","60","67","73","108","121","162","159","154","179","158","159","158","170","169","177","135","137","155","141","134","168","153","148","136","142","145","141","131","174","168","152","142","151","165","149","156","139","188","189","225","271","286","234","227","243","251","260","269","281","296","289","296","289","316","285","265","280","269","290","274","293","302","309","274","285","241","218","199","195","177","160","156","123","112","84","68","81","74","73","73","51","48","46","29","35","30","21","17","17","6","5","6","4","3","2","1"
"대구광역시 수성구 고산1동(2726067000)","31,066","31,066","87","110","105","106","157","157","180","260","254","308","342","373","424","418","448","458","421","411","473","432","376","365","388","315","333","359","340","294","323","299","307","343","303","284","331","316","293","299","267","311","293","355","404","452","483","528","580","524","503","550","579","591","622","593","615","670","590","610","578","541","517","520","467","514","444","552","495","405","337","381","320","292","242","244","227","181","184","189","178","155","101","123","128","137","119","113","78","83","76","58","39","42","20","29","13","13","6","7","4","0","2"
"대구광역시 수성구 고산2동(2726068000)","25,533","25,533","110","95","117","116","148","152","164","215","219","206","264","257","259","259","282","267","270","244","273","285","252","293","254","251","248","333","309","266","283","308","312","320","305","296","331","252","298","285","277","292","299","293","297","361","375","384","404","340","323","357","452","427","498","486","482","517","506","522","475","431","414","421","400","379","433","459","417","397","350","319","303","300","233","224","229","176","182","207","175","163","96","109","107","136","119","104","100","78","63","66","46","42","22","22","19","6","3","6","5","2","5"
"대구광역시 수성구 고산3동(2726069000)","29,136","29,136","73","81","67","101","94","123","112","155","164","218","229","257","265","280","341","304","316","323","345","340","334","296","324","321","335","375","367","340","357","322","344","271","319","295","309","264","271","283","267","258","248","279","298","359","385","413","416","448","407","430","467","489","543","635","593","650","686","684","644","607","589","589","536","595","511","594","489","433","385","323","346","342","267","260","275","189","192","219","193","184","112","126","162","183","146","129","119","94","103","74","78","53","35","23","15","19","8","11","6","3","5"
"대구광역시 달서구 (2729000000)","512,963","512,963","2,350","2,242","2,056","2,092","2,226","2,473","2,777","2,987","3,348","3,871","4,403","4,622","4,504","4,702","5,101","5,084","4,800","4,780","5,319","5,030","4,952","4,994","5,402","5,201","5,366","5,993","6,239","5,812","6,168","6,322","6,556","6,438","6,459","6,630","6,556","5,812","5,879","5,692","5,444","5,575","5,630","5,592","6,189","7,079","7,707","7,941","7,942","7,521","7,433","7,724","7,761","8,169","9,257","9,208","9,434","9,913","9,814","10,316","9,847","9,358","9,352","9,074","8,360","9,413","8,996","10,121","9,531","8,279","7,115","7,012","6,584","6,533","5,142","5,434","5,187","3,782","3,957","4,065","3,625","3,361","1,964","2,323","2,408","2,598","2,374","1,883","1,653","1,456","1,217","988","853","667","456","337","264","152","139","88","47","33","48"
"대구광역시 달서구 성당동(2729051500)","19,920","19,920","54","43","49","59","40","76","80","87","96","129","153","160","189","171","175","218","199","163","167","164","130","147","148","150","150","174","185","171","204","220","250","226","205","234","198","158","195","190","194","188","196","199","219","268","338","278","308","307","273","290","282","311","348","312","299","370","364","380","349","372","379","359","327","413","392","441","445","382","355","348","319","348","306","276","300","206","231","221","226","183","105","125","138","133","140","102","89","77","64","63","52","53","16","18","12","7","5","3","3","1","5"
"대구광역시 달서구 두류1.2동(2729053500)","15,672","15,672","105","97","72","59","51","63","52","59","42","62","83","72","73","60","75","85","71","75","86","89","100","124","149","147","185","229","246","268","258","328","302","305","300","303","296","242","221","214","188","197","173","160","190","194","221","222","181","178","163","170","178","236","216","225","240","287","273","258","252","260","266","249","217","262","275","293","327","278","269","224","224","217","209","169","202","140","152","134","151","154","91","104","126","112","111","83","88","58","46","33","31","25","17","7","8","2","5","1","0","1","1"
"대구광역시 달서구 두류3동(2729055000)","8,931","8,931","35","31","36","31","34","29","38","33","30","39","61","40","53","61","44","56","61","69","77","54","59","72","73","76","89","110","105","122","136","144","148","139","121","156","130","113","95","124","97","78","105","84","103","112","108","113","108","108","106","123","99","136","128","138","118","177","198","181","159","150","140","160","144","180","169","156","159","170","148","158","120","126","127","125","119","93","80","98","105","107","55","57","72","84","67","43","38","46","40","17","21","18","7","10","7","3","5","3","0","0","1"
"대구광역시 달서구 감삼동(2729055500)","31,125","31,125","258","220","195","202","198","227","272","258","262","281","353","316","298","293","306","303","272","256","285","258","253","280","296","299","312","361","406","366","456","464","501","487","553","546","531","506","494","448","422","468","417","434","486","486","592","525","503","409","450","436","419","437","521","491","543","555","547","579","506","523","492","477","441","521","415","523","456","408","335","312","341","307","259","261","250","169","161","182","180","147","84","107","105","109","85","86","79","55","45","31","28","12","17","5","6","3","1","3","4","1","1"
"대구광역시 달서구 죽전동(2729056300)","14,344","14,344","109","106","77","69","62","58","61","48","61","55","76","77","63","58","89","83","84","83","98","96","109","106","129","151","162","225","246","215","206","252","288","248","252","261","276","260","209","206","210","163","170","162","163","192","162","193","185","181","171","172","174","200","219","231","256","252","211","274","281","268","234","229","281","263","278","318","305","232","203","190","234","193","140","154","156","116","119","110","104","91","54","65","68","71","58","52","43","37","40","27","16","23","18","7","3","5","1","0","0","0","2"
"대구광역시 달서구 장기동(2729056800)","15,347","15,347","86","72","58","57","59","66","70","80","86","117","104","137","116","129","124","132","132","130","149","132","141","140","149","145","152","186","187","203","207","194","217","229","211","209","208","178","209","181","145","156","148","169","166","225","219","212","243","222","208","225","226","231","245","270","303","333","311","337","339","327","265","271","267","288","291","310","279","255","185","202","210","188","160","163","162","137","125","114","95","87","58","86","65","71","65","65","50","44","41","30","17","16","13","10","9","1","5","1","2","0","2"
"대구광역시 달서구 용산1동(2729057100)","27,808","27,808","108","88","80","71","96","105","120","108","141","154","182","182","221","235","252","273","276","297","323","299","274","288","331","292","337","369","423","365","375","394","398","348","371","368","320","292","311","273","263","243","231","226","247","297","355","407","367","391","384","409","457","498","555","564","604","660","644","710","731","620","643","593","519","581","542","585","516","417","329","335","314","280","209","252","251","176","178","176","158","152","101","107","127","139","102","75","58","74","44","53","44","24","10","16","7","5","5","3","2","1","2"
"대구광역시 달서구 용산2동(2729057200)","24,584","24,584","63","51","49","61","61","80","74","95","109","136","176","180","159","182","215","227","211","225","218","257","213","272","224","246","257","305","338","302","334","320","280","324","253","277","290","239","234","236","182","247","202","210","241","280","312","329","357","319","344","376","369","386","504","521","510","575","616","639","641","629","611","577","533","602","561","611","558","431","348","291","289","269","211","213","200","155","158","191","126","156","72","95","92","113","102","90","83","64","58","42","35","33","21","10","8","4","5","1","1","0","2"
"대구광역시 달서구 이곡1동(2729057600)","19,663","19,663","53","60","49","53","49","57","72","69","91","111","123","136","107","136","152","177","152","168","203","185","183","183","216","219","247","330","310","311","302","307","289","283","281","245","247","213","200","193","164","184","171","157","185","212","205","211","277","247","246","318","324","324","395","430","432","417","451","579","493","479","504","463","382","417","395","448","352","297","259","261","203","203","161","173","171","107","133","141","109","92","73","74","82","90","75","55","50","58","37","30","32","23","17","14","8","2","3","1","2","1","2"
"대구광역시 달서구 이곡2동(2729057700)","14,054","14,054","30","23","29","37","44","27","50","57","63","62","70","82","73","85","90","100","100","90","115","100","121","128","125","135","153","163","193","168","174","196","184","165","164","151","179","168","182","153","134","126","136","137","143","169","186","182","185","156","159","197","220","186","264","276","295","284","292","311","300","322","311","323","323","318","324","383","355","319","291","242","225","192","163","174","141","121","106","112","89","101","58","55","67","75","70","44","44","27","27","19","18","16","12","8","4","2","1","2","1","1","1"
"대구광역시 달서구 신당동(2729058500)","27,882","27,882","53","65","67","68","50","63","71","67","82","96","106","128","126","135","114","149","152","148","342","573","633","725","900","798","737","625","512","454","453","370","436","344","330","313","323","261","275","253","224","225","211","197","205","215","273","274","291","287","299","345","362","386","481","471","506","556","550","632","574","531","538","513","461","516","508","549","485","451","364","335","321","313","254","254","253","171","224","241","210","192","101","126","128","143","134","110","111","77","71","70","51","36","20","18","13","3","9","6","7","2","1"
"대구광역시 달서구 본리동(2729059000)","22,993","22,993","176","180","149","155","164","152","152","180","193","224","241","243","261","229","259","270","240","242","205","187","206","179","155","182","164","194","244","203","246","250","315","298","378","419","407","334","306","297","326","330","356","315","339","397","400","435","392","396","366","348","363","377","443","416","390","420","393","398","386","360","384","384","336","406","349","392","343","336","256","293","236","249","174","194","176","136","127","145","124","100","57","67","65","83","59","58","43","33","35","27","30","23","13","10","7","7","2","5","1","1","2"
"대구광역시 달서구 월성1동(2729060100)","39,423","39,423","191","220","197","238","273","324","364","437","468","573","625","726","724","779","852","817","731","749","735","610","564","444","459","402","362","375","347","297","302","304","275","274","320","380","360","344","385","427","413","493","539","536","700","778","887","890","966","956","934","925","859","883","952","841","812","760","710","650","591","446","409","371","342","341","305","362","315","292","226","258","237","229","188","216","169","126","140","167","132","107","64","90","81","79","62","57","44","53","40","21","26","24","18","20","13","8","6","5","3","1","1"
"대구광역시 달서구 월성2동(2729060200)","13,435","13,435","18","22","16","19","20","21","20","29","36","46","52","59","74","77","96","74","82","90","82","92","77","77","106","97","90","118","125","106","126","133","116","134","100","94","109","90","85","72","74","78","98","73","85","131","138","157","166","158","173","174","186","211","247","232","257","265","233","285","294","272","263","251","233","289","281","320","319","303","282","297","266","322","250","271","290","212","235","224","222","164","128","143","139","154","134","108","93","85","73","48","48","34","27","18","14","14","5","5","2","1","1"
"대구광역시 달서구 진천동(2729061500)","49,267","49,267","226","220","224","203","246","268","328","340","381","427","476","472","441","489","483","499","478","486","482","457","450","418","464","433","479","521","573","542","578","630","626","594","597","584","642","564","565","561","604","560","544","552","651","741","785","786","775","748","688","757","786","808","873","892","955","962","915","962","922","845","887","880","826","862","811","943","898","795","637","693","595","606","443","548","505","349","367","373","327","318","166","194","194","233","253","170","145","138","119","115","76","67","49","34","37","15","18","11","3","6","3"
"대구광역시 달서구 유천동(2729061700)","32,864","32,864","318","331","301","334","360","421","470","502","602","606","708","679","656","621","685","582","485","481","480","374","316","290","265","226","202","236","210","171","195","226","274","302","410","438","496","468","561","591","592","623","641","658","675","805","845","908","832","727","704","674","620","578","604","526","438","483","435","402","312","270","287","269","234","229","220","244","224","218","213","165","157","142","117","111","105","73","89","83","69","59","33","41","46","44","40","24","22","16","20","13","7","4","5","4","2","5","4","0","0","0","1"
"대구광역시 달서구 상인1동(2729062400)","31,919","31,919","155","125","136","115","118","131","152","175","202","262","278","321","302","327","382","355","356","344","448","388","371","320","361","328","309","402","360","341","329","321","330","370","344","352","354","281","290","297","259","297","287","331","329","349","436","487","475","448","492","468","516","565","582","588","643","655","662","652","662","583","578","597","487","639","605","651","628","518","442","445","454","445","327","343","322","243","254","266","212","214","130","147","136","135","122","129","107","81","88","63","49","38","30","31","21","13","13","12","2","2","2"
"대구광역시 달서구 상인2동(2729062500)","16,737","16,737","59","49","59","61","57","63","63","70","68","81","93","99","94","98","117","104","118","114","127","120","107","136","143","170","212","199","271","276","292","289","311","310","285","273","251","230","221","196","201","168","186","177","151","194","220","214","195","213","181","203","204","199","255","276","259","282","325","288","301","345","346","364","287","355","380","358","392","299","255","283","240","275","204","197","194","116","123","148","137","109","59","85","84","85","86","61","45","67","35","47","31","25","10","9","7","7","2","3","0","3","1"
"대구광역시 달서구 상인3동(2729062600)","9,445","9,445","11","2","6","13","4","12","18","14","20","30","30","31","30","28","28","33","33","42","45","45","44","46","55","59","44","51","76","65","63","59","97","73","77","59","62","57","62","66","52","63","79","69","64","89","91","107","98","87","83","101","84","95","131","120","134","171","186","191","199","171","180","200","216","244","259","310","317","289","267","252","248","261","200","244","209","175","164","154","139","140","79","84","99","114","98","75","66","67","52","37","34","31","28","17","11","11","7","2","5","1","4"
"대구광역시 달서구 도원동(2729062800)","30,857","30,857","78","83","65","71","89","83","111","135","144","167","203","236","224","240","286","270","277","275","295","248","276","271","292","254","293","317","311","292","359","312","325","344","309","305","293","277","276","252","236","268","296","267","327","374","386","399","424","390","388","390","407","450","532","596","569","603","630","659","646","663","691","692","625","740","722","793","811","666","623","593","514","542","376","404","371","268","288","264","240","253","143","154","152","161","162","123","128","103","94","78","83","50","31","13","32","10","10","6","3","1","6"
"대구광역시 달서구 송현1동(2729063000)","15,927","15,927","31","30","27","26","36","33","44","45","55","64","53","64","74","79","87","90","82","77","117","81","89","127","128","139","162","194","228","219","224","229","217","217","187","198","196","148","163","133","131","132","148","152","145","170","187","233","191","184","208","203","186","215","238","280","327","296","306","337","335","350","346","310","313","318","330","404","377","332","276","297","302","276","238","248","251","170","189","198","185","144","108","102","123","128","114","98","79","65","54","52","46","21","25","24","9","8","5","5","2","4","4"
"대구광역시 달서구 송현2동(2729064000)","17,618","17,618","76","62","62","57","67","63","58","57","70","82","82","91","63","101","102","92","106","87","136","99","122","117","129","143","172","169","203","188","182","216","188","232","215","264","209","223","206","195","175","166","170","182","210","193","205","218","239","227","226","188","229","240","267","274","287","311","302","340","339","338","331","315","324","352","349","424","416","387","338","327","338","340","274","278","246","195","202","200","177","198","90","143","150","149","144","125","98","87","59","49","48","40","36","23","18","8","12","7","3","4","2"
"대구광역시 달서구 본동(2729065000)","13,148","13,148","57","62","53","33","48","51","37","42","46","67","75","91","83","89","88","95","102","89","104","122","114","104","105","110","96","140","140","167","167","164","189","192","196","201","179","166","134","134","158","122","126","145","165","208","156","161","184","182","187","232","211","217","257","238","257","239","260","272","235","234","267","227","242","277","235","303","254","204","214","211","197","210","152","166","144","128","112","123","108","93","55","72","69","93","91","50","50","44","35","23","30","31","16","11","8","9","10","3","1","1","1"
"대구광역시 달성군 (2771000000)","251,993","251,993","1,520","1,465","1,489","1,566","1,724","1,870","2,183","2,361","2,528","2,754","2,973","3,002","2,880","3,006","2,994","2,885","2,512","2,428","2,478","2,158","1,875","1,839","1,826","1,796","1,860","2,199","2,340","2,301","2,512","2,633","2,804","2,860","3,007","3,222","3,405","3,140","3,383","3,447","3,364","3,468","3,800","3,699","3,945","4,564","4,899","4,884","4,957","4,373","4,046","4,069","3,786","3,965","4,204","4,169","4,068","4,272","4,042","4,329","4,167","4,008","4,040","3,863","3,689","4,112","3,987","4,492","4,084","3,673","3,159","3,159","2,795","2,801","2,108","2,248","2,261","1,631","1,738","1,732","1,591","1,346","838","1,007","925","1,077","905","820","658","594","527","438","336","281","221","159","137","90","61","40","26","15","26"
"대구광역시 달성군 화원읍(2771025000)","45,354","45,354","217","197","200","178","196","185","222","236","252","273","312","297","340","351","373","365","367","381","427","442","380","403","442","390","439","509","476","460","499","483","536","475","519","534","546","511","460","449","421","422","469","410","414","523","586","563","614","576","617","610","650","695","773","898","843","917","939","1,051","1,025","976","966","957","897","987","964","1,086","1,022","844","766","753","659","684","472","504","541","375","404","413","368","314","205","229","232","253","219","196","135","122","98","94","59","55","51","33","33","19","11","9","5","2","4"
"대구광역시 달성군 논공읍(2771025300)","4,140","4,140","20","12","17","17","14","13","15","22","15","27","21","24","18","21","19","11","14","22","15","13","13","10","18","17","16","18","24","29","36","49","38","37","33","36","48","40","35","40","37","50","43","39","56","52","42","56","57","37","55","43","48","58","55","62","61","84","87","86","90","102","89","104","96","89","101","118","111","103","99","78","83","81","53","61","79","41","60","69","43","45","25","30","42","38","30","40","26","32","19","20","11","16","6","4","2","1","5","2","0","0","1"
"대구광역시 달성군 논공읍공단출장소(2771025400)","10,664","10,664","24","25","30","26","25","37","46","49","40","53","64","52","75","74","89","94","90","95","113","97","80","98","87","97","95","121","111","111","125","81","115","122","102","92","100","90","90","96","75","83","103","101","98","134","124","163","158","161","168","181","199","239","277","256","257","301","249","297","270","275","268","247","218","239","226","218","218","204","154","141","134","123","83","117","84","61","77","84","56","68","37","38","54","58","47","42","28","35","32","26","18","11","8","15","4","1","4","3","2","0","1"
"대구광역시 달성군 다사읍(2771025600)","51,448","51,448","332","321","297","294","352","396","421","468","490","554","656","736","703","786","770","726","674","626","631","521","500","454","410","438","420","434","494","444","458","515","506","561","621","697","664","615","673","655","654","695","672","703","795","938","1,016","1,066","1,074","950","915","982","914","916","912","923","852","881","825","827","785","732","791","721","697","767","775","821","720","640","545","546","462","501","397","412","400","305","329","337","276","249","141","173","158","163","146","117","115","70","77","70","47","37","25","19","21","16","6","5","4","0","7"
"대구광역시 달성군 다사읍서재출장소(2771025700)","37,456","37,456","308","274","303","320","371","379","454","499","533","614","590","583","511","531","497","477","377","377","334","328","279","262","257","256","239","281","313","309","350","378","412","452","471","557","560","520","601","643","697","650","744","743","780","913","986","933","939","756","642","627","581","567","608","598","583","576","542","568","540","532","497","447","387","453","428","548","450","360","319","304","259","259","188","215","208","150","134","123","105","102","74","80","54","95","66","60","39","27","32","19","17","15","11","11","3","5","1","2","2","1","1"
"대구광역시 달성군 유가읍(2771025900)","31,236","31,236","254","259","231","289","289","321","408","456","515","518","572","558","576","557","535","551","438","398","424","296","254","252","214","206","200","229","256","247","279","298","334","341","375","407","461","455","498","532","499","572","638","629","668","780","827","802","830","725","607","612","531","529","519","435","438","429","372","367","316","337","276","275","239","304","259","310","292","251","219","245","182","200","156","130","148","106","84","94","111","85","44","61","47","63","50","44","44","34","22","34","24","19","9","6","7","6","4","5","2","0","0"
"대구광역시 달성군 옥포읍(2771026200)","22,138","22,138","83","106","112","120","133","139","189","177","205","224","238","231","192","192","216","208","174","175","185","153","107","119","127","107","129","139","151","167","161","204","191","209","222","212","260","225","267","254","283","256","319","309","327","355","397","426","398","340","283","320","267","297","363","334","366","376","356","410","413","365","401","415","444","445","450","523","441","479","377","357","353","333","275","273","276","213","225","207","194","167","105","103","103","132","112","94","71","84","51","40","34","24","18","19","9","8","6","4","4","5","1"
"대구광역시 달성군 현풍읍(2771026500)","20,887","20,887","91","98","98","95","111","152","169","182","198","204","225","211","202","213","220","184","179","169","165","160","124","122","137","155","177","277","282","294","324","348","354","337","308","315","360","297","309","343","314","312","333","341","346","373","395","377","383","350","351","308","254","297","298","268","262","304","276","329","321","272","282","267","267","321","317","333","332","328","248","268","264","226","181","205","190","140","156","146","176","120","72","104","92","93","79","76","58","55","53","41","45","33","20","13","17","9","3","1","1","1","1"
"대구광역시 달성군 가창면(2771031000)","6,719","6,719","13","8","10","8","11","25","15","15","23","26","37","41","38","46","59","46","43","41","42","40","40","39","40","35","35","44","49","40","36","36","45","42","33","42","26","35","35","34","37","37","49","35","54","63","69","70","60","82","73","78","76","77","89","94","101","108","114","104","116","133","136","136","134","156","154","170","168","180","183","199","160","137","145","145","140","118","116","114","128","95","60","85","60","72","63","66","55","51","68","41","38","31","33","24","19","13","11","6","5","5","7"
"대구광역시 달성군 하빈면(2771033000)","3,104","3,104","1","3","1","1","6","2","6","7","2","5","3","8","5","8","8","12","9","11","11","12","15","10","9","11","9","15","10","15","18","15","16","23","21","25","16","14","18","12","17","21","18","13","14","20","28","17","20","15","24","27","31","32","31","32","41","54","57","67","83","70","91","93","90","111","100","109","119","94","92","87","75","77","47","63","56","55","57","46","49","42","25","32","35","46","37","44","33","36","32","22","16","19","15","7","12","5","5","1","1","1","2"
"대구광역시 달성군 구지면(2771038000)","18,847","18,847","177","162","190","218","216","221","238","250","255","256","255","261","220","227","208","211","147","133","131","96","83","70","85","84","101","132","174","185","226","226","257","261","302","305","364","338","397","389","330","370","412","376","393","413","429","411","424","381","311","281","235","258","279","269","264","242","225","223","208","214","243","201","220","240","213","256","211","190","157","181","164","180","111","123","139","67","96","99","85","59","50","72","48","64","56","41","54","48","43","31","27","21","25","8","10","7","5","2","0","0","1"
"대구광역시 군위군 (2772000000)","22,552","22,552","56","55","30","38","41","42","50","48","39","47","51","60","73","68","91","82","98","85","95","98","81","72","70","77","88","75","107","102","104","119","108","121","132","113","110","111","105","87","113","133","112","120","116","165","168","180","185","186","184","193","217","230","269","287","340","333","390","450","459","509","540","573","523","612","618","751","750","675","599","658","618","582","456","509","518","378","434","418","401","376","202","286","291","358","373","264","261","213","210","178","142","143","84","51","54","28","21","13","9","11","3"
"대구광역시 군위군 군위읍(2772025000)","7,901","7,901","27","26","17","15","27","27","34","31","28","37","34","44","50","41","72","52","67","54","55","59","47","45","42","44","47","42","58","59","57","76","58","60","71","54","58","48","52","45","52","58","55","67","52","87","79","94","99","98","98","93","124","122","123","123","146","141","163","151","158","164","193","184","158","170","166","203","220","181","133","165","156","157","121","125","130","92","118","117","101","97","65","74","78","78","99","66","67","41","50","38","42","40","18","10","14","6","4","7","4","5","1"
"대구광역시 군위군 소보면(2772031000)","2,221","2,221","6","1","1","6","2","2","3","2","1","3","1","1","1","4","0","4","4","5","4","8","3","3","3","6","4","3","5","3","8","4","10","9","7","5","13","9","9","6","12","10","7","10","13","17","14","16","19","10","16","15","13","21","20","25","17","32","32","46","46","55","52","68","57","67","68","87","63","70","66","78","51","52","49","66","65","42","48","40","46","49","17","39","37","45","38","33","33","28","36","31","16","17","8","6","8","5","1","1","1","1","1"
"대구광역시 군위군 효령면(2772032000)","3,639","3,639","13","10","1","10","2","2","5","6","6","3","7","8","7","9","10","7","13","9","14","7","9","7","5","12","16","6","15","15","19","13","10","24","26","22","14","19","16","9","21","19","14","14","16","16","22","25","23","25","16","28","28","23","50","47","49","48","56","69","79","78","82","93","106","98","102","131","135","128","128","109","114","109","94","97","88","57","81","72","72","64","25","39","50","72","65","39","40","39","35","23","17","24","14","9","5","6","4","1","0","0","0"
"대구광역시 군위군 부계면(2772033000)","2,106","2,106","3","4","4","1","0","4","2","3","2","2","3","3","8","5","2","4","3","8","5","8","6","3","6","5","7","9","9","8","6","7","12","12","8","17","8","10","8","5","7","11","10","6","6","12","17","11","6","10","11","14","11","17","21","26","33","30","38","53","45","69","50","61","54","57","72","99","63","70","61","61","66","44","39","48","67","44","30","46","40","32","17","25","26","30","41","27","27","29","19","21","17","14","9","5","2","1","5","0","0","3","0"
"대구광역시 군위군 우보면(2772034000)","1,937","1,937","3","4","3","2","5","1","2","2","0","0","1","1","1","2","1","4","2","3","4","6","6","1","5","2","7","5","5","9","7","11","7","4","6","6","4","12","4","7","6","8","7","7","10","10","5","9","11","11","10","14","12","15","18","22","31","22","29","33","36","52","50","46","40","57","64","75","85","58","72","66","66","64","44","53","39","40","42","33","39","43","15","30","27","42","38","20","29","21","22","24","9","18","13","7","8","2","1","1","1","0","0"
"대구광역시 군위군 의흥면(2772035000)","2,217","2,217","1","5","3","2","2","5","1","2","1","1","2","1","3","2","4","5","5","4","10","2","8","9","8","6","6","4","5","2","3","3","9","5","7","6","11","6","11","8","5","7","11","5","6","14","18","15","14","19","13","14","17","20","16","18","33","27","31","41","39","37","46","57","49","71","67","70","72","84","55","85","78","77","51","54","58","47","59","50","49","36","31","44","36","40","42","31","34","27","26","22","20","14","9","9","11","2","3","1","2","0","0"
"대구광역시 군위군 산성면(2772036000)","1,201","1,201","2","5","0","2","3","1","2","2","0","1","2","1","1","4","1","2","2","1","1","4","1","3","0","1","1","4","5","2","1","1","0","1","4","2","0","3","3","5","5","12","4","3","8","2","5","3","2","7","6","6","4","5","10","12","20","16","18","28","28","30","30","34","24","45","31","45","51","36","38","45","33","37","21","33","37","24","29","33","19","28","16","16","17","26","18","26","15","18","13","10","18","9","6","2","2","4","2","0","0","1","1"
"대구광역시 군위군 삼국유사면(2772037000)","1,330","1,330","1","0","1","0","0","0","1","0","1","0","1","1","2","1","1","4","2","1","2","4","1","1","1","1","0","2","5","4","3","4","2","6","3","1","2","4","2","2","5","8","4","8","5","7","8","7","11","6","14","9","8","7","11","14","11","17","23","29","28","24","37","30","35","47","48","41","61","48","46","49","54","42","37","33","34","32","27","27","35","27","16","19","20","25","32","22","16","10","9","9","3","7","7","3","4","2","1","2","1","1","0"
